degreeFrom|publicationAuthor|name,degreeFrom.s=publicationAuthor.o|publicationAuthor.s=name.s,||name.o=Publication0,265630
name|type|advisor|publicationAuthor,name.s=type.s|name.s=advisor.o|advisor.s=publicationAuthor.o,|||,2533772
name|type|advisor|publicationAuthor,name.s=type.s|name.s=advisor.o|advisor.s=publicationAuthor.o,name.o=AssociateProfessor0|||publicationAuthor.s=http://www.Department6.University16.edu/AssociateProfessor9/Publication12,8
member|memberOf|type|name,member.s=memberOf.o|member.s=type.s|member.s=name.s,|||,1273797968
member|memberOf|type|name,member.s=memberOf.o|member.s=type.s|member.s=name.s,||type.o=http://swat.cse.lehigh.edu/onto/univ-bench.owl#Department|,636898984
emailAddress|type|publicationAuthor|takesCourse,emailAddress.s=type.s|type.s=publicationAuthor.o|publicationAuthor.o=takesCourse.s,|||,4822836
emailAddress|type|publicationAuthor|takesCourse,emailAddress.s=type.s|type.s=publicationAuthor.o|publicationAuthor.o=takesCourse.s,|type.o=http://swat.cse.lehigh.edu/onto/univ-bench.owl#TeachingAssistant||,281654
name,,name.s=http://www.Department0.University77.edu/UndergraduateStudent457,1
type|name|takesCourse|emailAddress|memberOf,type.s=name.s|name.s=takesCourse.s|name.s=emailAddress.s|name.s=memberOf.s,||||,6699472
type|memberOf|member|takesCourse|telephone,type.s=memberOf.o|memberOf.s=member.o|memberOf.s=takesCourse.s|memberOf.s=telephone.s,||||,5789498
type|memberOf|member|takesCourse|telephone,type.s=memberOf.o|memberOf.s=member.o|memberOf.s=takesCourse.s|memberOf.s=telephone.s,||member.s=http://www.Department12.University79.edu|takesCourse.o=http://www.Department12.University79.edu/Course35|,38
publicationAuthor|takesCourse|type|undergraduateDegreeFrom|member,publicationAuthor.o=takesCourse.s|publicationAuthor.s=type.s|publicationAuthor.o=undergraduateDegreeFrom.s|takesCourse.s=member.o,||||,1268874
publicationAuthor|takesCourse|type|undergraduateDegreeFrom|member,publicationAuthor.o=takesCourse.s|publicationAuthor.s=type.s|publicationAuthor.o=undergraduateDegreeFrom.s|takesCourse.s=member.o,||type.o=http://swat.cse.lehigh.edu/onto/univ-bench.owl#Publication|undergraduateDegreeFrom.o=http://www.University785.edu|,1233
name|member|hasAlumnus,name.s=member.s|member.o=hasAlumnus.o,||hasAlumnus.s=http://www.University682.edu,509
publicationAuthor|emailAddress|memberOf|takesCourse,publicationAuthor.o=emailAddress.s|emailAddress.s=memberOf.s|emailAddress.s=takesCourse.s,|||,1268874
publicationAuthor|emailAddress|memberOf|takesCourse,publicationAuthor.o=emailAddress.s|emailAddress.s=memberOf.s|emailAddress.s=takesCourse.s,|emailAddress.o=GraduateStudent73@Department22.University65.edu||takesCourse.o=http://www.Department22.University65.edu/GraduateCourse8,5
type|publicationAuthor,type.s=publicationAuthor.s,type.o=http://swat.cse.lehigh.edu/onto/univ-bench.owl#Publication|,1442184
name|member,name.s=member.s,name.o=Department11|member.o=http://www.Department11.University3.edu/UndergraduateStudent418,1
type|takesCourse|member|hasAlumnus|telephone,type.s=takesCourse.s|type.s=member.o|type.s=hasAlumnus.o|takesCourse.s=telephone.s,||||,1921070
type|takesCourse|member|hasAlumnus|telephone,type.s=takesCourse.s|type.s=member.o|type.s=hasAlumnus.o|takesCourse.s=telephone.s,|takesCourse.o=http://www.Department18.University9.edu/GraduateCourse23|member.s=http://www.Department18.University9.edu||,22
takesCourse|telephone,takesCourse.s=telephone.s,takesCourse.o=http://www.Department3.University20.edu/Course11|telephone.o=xxx-xxx-xxxx,24
takesCourse|telephone,takesCourse.s=telephone.s,takesCourse.o=http://www.Department5.University32.edu/Course10|telephone.o=xxx-xxx-xxxx,28
name|type|subOrganizationOf|member,name.s=type.s|name.s=subOrganizationOf.o|subOrganizationOf.s=member.s,|||,2241668
name|type|subOrganizationOf|member,name.s=type.s|name.s=subOrganizationOf.o|subOrganizationOf.s=member.s,name.o=University96|||member.o=http://www.Department13.University96.edu/UndergraduateStudent177,2
type|name|publicationAuthor|teacherOf,type.s=name.s|type.s=publicationAuthor.o|name.s=teacherOf.s,|||,9622630
type|name|publicationAuthor|teacherOf,type.s=name.s|type.s=publicationAuthor.o|name.s=teacherOf.s,|||teacherOf.o=http://www.Department13.University46.edu/Course11,80
takesCourse,,takesCourse.s=http://www.Department6.University67.edu/UndergraduateStudent192,3
takesCourse|type|name,takesCourse.s=type.s|takesCourse.s=name.s,|type.o=http://swat.cse.lehigh.edu/onto/univ-bench.owl#UndergraduateStudent|,2389201
takesCourse|type|emailAddress|memberOf,takesCourse.s=type.s|type.s=emailAddress.s|type.s=memberOf.s,|||,6699472
takesCourse|type|emailAddress|memberOf,takesCourse.s=type.s|type.s=emailAddress.s|type.s=memberOf.s,||emailAddress.o=UndergraduateStudent89@Department2.University9.edu|,6
memberOf|name|emailAddress|type|takesCourse,memberOf.o=name.s|memberOf.s=emailAddress.s|memberOf.o=type.s|memberOf.s=takesCourse.s,||||,5789498
memberOf|name|emailAddress|type|takesCourse,memberOf.o=name.s|memberOf.s=emailAddress.s|memberOf.o=type.s|memberOf.s=takesCourse.s,||emailAddress.o=UndergraduateStudent341@Department8.University14.edu||,6
telephone|emailAddress|type|undergraduateDegreeFrom|member,telephone.s=emailAddress.s|emailAddress.s=type.s|emailAddress.s=undergraduateDegreeFrom.s|emailAddress.s=member.o,||||,1236708
telephone|emailAddress|type|undergraduateDegreeFrom|member,telephone.s=emailAddress.s|emailAddress.s=type.s|emailAddress.s=undergraduateDegreeFrom.s|emailAddress.s=member.o,telephone.o=xxx-xxx-xxxx||type.o=http://swat.cse.lehigh.edu/onto/univ-bench.owl#GraduateStudent||,252562
type|memberOf|name,type.s=memberOf.o|type.s=name.s,type.o=http://swat.cse.lehigh.edu/onto/univ-bench.owl#Organization|memberOf.s=http://www.Department22.University11.edu/UndergraduateStudent328|,1
member|advisor,member.o=advisor.o,member.s=http://www.Department0.University39.edu|advisor.s=http://www.Department0.University39.edu/UndergraduateStudent141,1
undergraduateDegreeFrom|publicationAuthor|takesCourse|degreeFrom,undergraduateDegreeFrom.s=publicationAuthor.o|undergraduateDegreeFrom.s=takesCourse.s|undergraduateDegreeFrom.s=degreeFrom.s,|||,1268874
undergraduateDegreeFrom|publicationAuthor|takesCourse|degreeFrom,undergraduateDegreeFrom.s=publicationAuthor.o|undergraduateDegreeFrom.s=takesCourse.s|undergraduateDegreeFrom.s=degreeFrom.s,||takesCourse.o=http://www.Department2.University28.edu/GraduateCourse13|,12
takesCourse|name|type,takesCourse.o=name.s|takesCourse.o=type.s,|name.o=Course28|,89664
emailAddress|type|memberOf,emailAddress.s=type.s|type.s=memberOf.s,||memberOf.o=http://www.Department3.University12.edu,1577
member|undergraduateDegreeFrom|type,member.o=undergraduateDegreeFrom.s|member.s=type.s,|undergraduateDegreeFrom.o=http://www.University166.edu|,638
takesCourse|advisor|publicationAuthor|type|name,takesCourse.s=advisor.s|advisor.s=publicationAuthor.o|publicationAuthor.s=type.s|type.s=name.s,||||,1268874
takesCourse|advisor|publicationAuthor|type|name,takesCourse.s=advisor.s|advisor.s=publicationAuthor.o|publicationAuthor.s=type.s|type.s=name.s,|advisor.o=http://www.Department2.University58.edu/AssociateProfessor2|||,23
member|type,member.s=type.s,member.o=http://www.Department16.University92.edu/GraduateStudent107|,2
publicationAuthor|telephone,publicationAuthor.o=telephone.s,publicationAuthor.s=http://www.Department7.University47.edu/AssociateProfessor2/Publication3|,5
name,,name.s=http://www.Department14.University91.edu/AssociateProfessor10/Publication4,1
type|telephone|name,type.s=telephone.s|type.s=name.s,||name.o=UndergraduateStudent76,4014
takesCourse|name|type|memberOf|emailAddress,takesCourse.s=name.s|name.s=type.s|type.s=memberOf.s|takesCourse.s=emailAddress.s,||||,6699472
takesCourse|name|type|memberOf|emailAddress,takesCourse.s=name.s|name.s=type.s|type.s=memberOf.s|takesCourse.s=emailAddress.s,||type.o=http://swat.cse.lehigh.edu/onto/univ-bench.owl#UndergraduateStudent||emailAddress.o=UndergraduateStudent106@Department8.University76.edu,4
takesCourse,,takesCourse.o=http://www.Department4.University35.edu/Course3,25
degreeFrom,,degreeFrom.o=http://www.University400.edu,461
takesCourse|name|member,takesCourse.s=name.s|takesCourse.s=member.o,||member.s=http://www.Department12.University40.edu,1559
type,,type.o=http://swat.cse.lehigh.edu/onto/univ-bench.owl#GraduateStudent,252562
type|undergraduateDegreeFrom|publicationAuthor|name|takesCourse,type.s=undergraduateDegreeFrom.s|undergraduateDegreeFrom.s=publicationAuthor.o|publicationAuthor.s=name.s|type.s=takesCourse.s,||||,4822836
type|undergraduateDegreeFrom|publicationAuthor|name|takesCourse,type.s=undergraduateDegreeFrom.s|undergraduateDegreeFrom.s=publicationAuthor.o|publicationAuthor.s=name.s|type.s=takesCourse.s,||||takesCourse.o=http://www.Department11.University38.edu/GraduateCourse14,53
name,,name.s=http://www.Department11.University93.edu/AssistantProfessor7,1
type,,type.o=http://swat.cse.lehigh.edu/onto/univ-bench.owl#UndergraduateStudent,795970
publicationAuthor,,publicationAuthor.o=http://www.Department0.University64.edu/GraduateStudent45,4
takesCourse|member|publicationAuthor|name|worksFor,takesCourse.s=member.o|member.o=publicationAuthor.o|takesCourse.s=name.s|member.s=worksFor.o,||||,45892447
takesCourse|member|publicationAuthor|name|worksFor,takesCourse.s=member.o|member.o=publicationAuthor.o|takesCourse.s=name.s|member.s=worksFor.o,||publicationAuthor.s=http://www.Department0.University67.edu/AssistantProfessor1/Publication6||,108
type|memberOf|takesCourse|publicationAuthor,type.s=memberOf.s|type.s=takesCourse.s|memberOf.s=publicationAuthor.o,|||,4822836
takesCourse|type|teacherOf|name,takesCourse.o=type.s|type.s=teacherOf.o|type.s=name.s,|||,6295046
takesCourse|type|teacherOf|name,takesCourse.o=type.s|type.s=teacherOf.o|type.s=name.s,|type.o=http://swat.cse.lehigh.edu/onto/univ-bench.owl#Course||,2894749
publicationAuthor|takesCourse,publicationAuthor.o=takesCourse.s,|takesCourse.o=http://www.Department3.University11.edu/GraduateCourse47,16
name|type|degreeFrom,name.s=type.s|type.s=degreeFrom.o,name.o=University92|type.o=http://swat.cse.lehigh.edu/onto/univ-bench.owl#University|,494
type|member|telephone,type.s=member.o|type.s=telephone.s,|member.s=http://www.Department18.University36.edu|telephone.o=xxx-xxx-xxxx,1232
member|memberOf|takesCourse|name,member.s=memberOf.o|member.o=takesCourse.s|member.o=name.s,|||,1648148690
member|memberOf|takesCourse|name,member.s=memberOf.o|member.o=takesCourse.s|member.o=name.s,|memberOf.s=http://www.Department14.University52.edu/UndergraduateStudent309||,1488
type|takesCourse|advisor|memberOf|name,type.s=takesCourse.o|takesCourse.s=advisor.s|advisor.o=memberOf.s|memberOf.s=name.s,||||,2471284
type|takesCourse|advisor|memberOf|name,type.s=takesCourse.o|takesCourse.s=advisor.s|advisor.o=memberOf.s|memberOf.s=name.s,||||name.o=AssociateProfessor0,70593
researchInterest|name|member|type,researchInterest.s=name.s|researchInterest.s=member.o|member.o=type.s,|||,241072
researchInterest|name|member|type,researchInterest.s=name.s|researchInterest.s=member.o|member.o=type.s,researchInterest.o=Research14||member.s=http://www.Department14.University17.edu|,12
member|name|undergraduateDegreeFrom|type|takesCourse,member.s=name.s|member.o=undergraduateDegreeFrom.s|name.s=type.s|undergraduateDegreeFrom.s=takesCourse.s,||||,1011096
member|name|undergraduateDegreeFrom|type|takesCourse,member.s=name.s|member.o=undergraduateDegreeFrom.s|name.s=type.s|undergraduateDegreeFrom.s=takesCourse.s,|name.o=Department9||type.o=http://swat.cse.lehigh.edu/onto/univ-bench.owl#Department|,25194
type|member,type.s=member.s,|member.o=http://www.Department1.University3.edu/UndergraduateStudent108,2
memberOf,,memberOf.s=http://www.Department0.University47.edu/GraduateStudent55,1
takesCourse|telephone|name,takesCourse.s=telephone.s|takesCourse.s=name.s,takesCourse.o=http://www.Department6.University11.edu/GraduateCourse41||,5
name|type|degreeFrom|advisor|telephone,name.s=type.s|type.s=degreeFrom.o|degreeFrom.s=advisor.o|degreeFrom.s=telephone.s,||||,245074
name|type|degreeFrom|advisor|telephone,name.s=type.s|type.s=degreeFrom.o|degreeFrom.s=advisor.o|degreeFrom.s=telephone.s,name.o=University20||||telephone.o=xxx-xxx-xxxx,1890
type|telephone|name,type.s=telephone.s|telephone.s=name.s,type.o=http://swat.cse.lehigh.edu/onto/univ-bench.owl#Person||,252562
publicationAuthor|telephone|takesCourse|type|name,publicationAuthor.o=telephone.s|telephone.s=takesCourse.s|takesCourse.s=type.s|takesCourse.o=name.s,||||,4822836
publicationAuthor|telephone|takesCourse|type|name,publicationAuthor.o=telephone.s|telephone.s=takesCourse.s|takesCourse.s=type.s|takesCourse.o=name.s,publicationAuthor.s=http://www.Department5.University79.edu/AssistantProfessor0/Publication3||||,12
takesCourse|degreeFrom|type|memberOf|emailAddress,takesCourse.s=degreeFrom.s|degreeFrom.s=type.s|degreeFrom.s=memberOf.s|degreeFrom.s=emailAddress.s,||||,1921070
takesCourse|degreeFrom|type|memberOf|emailAddress,takesCourse.s=degreeFrom.s|degreeFrom.s=type.s|degreeFrom.s=memberOf.s|degreeFrom.s=emailAddress.s,||type.o=http://swat.cse.lehigh.edu/onto/univ-bench.owl#GraduateStudent|memberOf.o=http://www.Department5.University47.edu|,250
publicationAuthor,,publicationAuthor.s=http://www.Department5.University69.edu/AssistantProfessor1/Publication1,2
member|type|memberOf|name|takesCourse,member.o=type.s|member.o=memberOf.s|memberOf.s=name.s|type.s=takesCourse.s,||||,6699472
member|type|memberOf|name|takesCourse,member.o=type.s|member.o=memberOf.s|memberOf.s=name.s|type.s=takesCourse.s,|||name.o=GraduateStudent79|takesCourse.o=http://www.Department20.University89.edu/GraduateCourse50,3
member,,member.s=http://www.Department1.University80.edu,643
name|takesCourse,name.s=takesCourse.s,name.o=GraduateStudent103|takesCourse.o=http://www.Department10.University89.edu/GraduateCourse5,1
memberOf|name|type|takesCourse,memberOf.s=name.s|memberOf.s=type.s|memberOf.s=takesCourse.s,|||,6699472
memberOf|name|type|takesCourse,memberOf.s=name.s|memberOf.s=type.s|memberOf.s=takesCourse.s,||type.o=http://swat.cse.lehigh.edu/onto/univ-bench.owl#Student|,2389201
takesCourse|degreeFrom|advisor|telephone,takesCourse.s=degreeFrom.s|degreeFrom.s=advisor.s|degreeFrom.s=telephone.s,|||,505548
takesCourse|degreeFrom|advisor|telephone,takesCourse.s=degreeFrom.s|degreeFrom.s=advisor.s|degreeFrom.s=telephone.s,|||telephone.o=xxx-xxx-xxxx,505548
type|takesCourse|undergraduateDegreeFrom,type.s=takesCourse.s|takesCourse.s=undergraduateDegreeFrom.s,type.o=http://swat.cse.lehigh.edu/onto/univ-bench.owl#Person|takesCourse.o=http://www.Department4.University18.edu/GraduateCourse3|,2
publicationAuthor,,publicationAuthor.s=http://www.Department16.University41.edu/AssistantProfessor2/Publication0,5
publicationAuthor|doctoralDegreeFrom|teacherOf|type,publicationAuthor.o=doctoralDegreeFrom.s|doctoralDegreeFrom.s=teacherOf.s|publicationAuthor.o=type.s,|||,9622630
publicationAuthor|doctoralDegreeFrom|teacherOf|type,publicationAuthor.o=doctoralDegreeFrom.s|doctoralDegreeFrom.s=teacherOf.s|publicationAuthor.o=type.s,publicationAuthor.s=http://www.Department2.University28.edu/AssistantProfessor7/Publication1|||type.o=http://swat.cse.lehigh.edu/onto/univ-bench.owl#Faculty,3
name|publicationAuthor,name.s=publicationAuthor.o,|publicationAuthor.s=http://www.Department18.University29.edu/FullProfessor9/Publication1,2
type,,type.s=http://www.Department16.University6.edu/AssociateProfessor8/Publication5,1
memberOf|type|member,memberOf.o=type.s|type.s=member.s,||member.o=http://www.Department5.University43.edu/UndergraduateStudent253,1142
takesCourse|publicationAuthor|telephone|name,takesCourse.s=publicationAuthor.o|takesCourse.s=telephone.s|publicationAuthor.s=name.s,|||,1268874
takesCourse|publicationAuthor|telephone|name,takesCourse.s=publicationAuthor.o|takesCourse.s=telephone.s|publicationAuthor.s=name.s,|||name.o=Publication2,104283
name|publicationAuthor|takesCourse,name.s=publicationAuthor.o|name.s=takesCourse.s,|publicationAuthor.s=http://www.Department15.University83.edu/AssistantProfessor4/Publication6|takesCourse.o=http://www.Department15.University83.edu/GraduateCourse44,1
type|takesCourse|memberOf|telephone|member,type.s=takesCourse.s|takesCourse.s=memberOf.s|memberOf.s=telephone.s|takesCourse.s=member.o,||||,6699472
type|takesCourse|memberOf|telephone|member,type.s=takesCourse.s|takesCourse.s=memberOf.s|memberOf.s=telephone.s|takesCourse.s=member.o,|||telephone.o=xxx-xxx-xxxx|member.s=http://www.Department16.University96.edu,3740
takesCourse|name|type,takesCourse.o=name.s|takesCourse.s=type.s,|name.o=Course53|,47448
takesCourse|publicationAuthor|name|telephone|memberOf,takesCourse.s=publicationAuthor.o|publicationAuthor.s=name.s|publicationAuthor.o=telephone.s|publicationAuthor.o=memberOf.s,||||,1268874
takesCourse|publicationAuthor|name|telephone|memberOf,takesCourse.s=publicationAuthor.o|publicationAuthor.s=name.s|publicationAuthor.o=telephone.s|publicationAuthor.o=memberOf.s,||name.o=Publication0||memberOf.o=http://www.Department8.University71.edu,58
type,,type.s=http://www.Department6.University99.edu/UndergraduateStudent264,2
telephone|memberOf|takesCourse|emailAddress|name,telephone.s=memberOf.s|memberOf.s=takesCourse.s|takesCourse.s=emailAddress.s|memberOf.o=name.s,||||,2894749
telephone|memberOf|takesCourse|emailAddress|name,telephone.s=memberOf.s|memberOf.s=takesCourse.s|takesCourse.s=emailAddress.s|memberOf.o=name.s,||||name.o=Department17,108682
type|memberOf|hasAlumnus|emailAddress|name,type.s=memberOf.s|type.s=hasAlumnus.o|hasAlumnus.o=emailAddress.s|type.s=name.s,||||,1790142
type|memberOf|hasAlumnus|emailAddress|name,type.s=memberOf.s|type.s=hasAlumnus.o|hasAlumnus.o=emailAddress.s|type.s=name.s,|memberOf.o=http://www.Department2.University51.edu|||name.o=GraduateStudent25,5
type|publicationAuthor|hasAlumnus|teacherOf,type.s=publicationAuthor.s|publicationAuthor.o=hasAlumnus.o|publicationAuthor.o=teacherOf.s,|||,7277666
type|publicationAuthor|hasAlumnus|teacherOf,type.s=publicationAuthor.s|publicationAuthor.o=hasAlumnus.o|publicationAuthor.o=teacherOf.s,type.o=http://swat.cse.lehigh.edu/onto/univ-bench.owl#Publication||hasAlumnus.s=http://www.University969.edu|,7301
advisor|name|teachingAssistantOf,advisor.s=name.s|advisor.s=teachingAssistantOf.s,||,55994
advisor|name|teachingAssistantOf,advisor.s=name.s|advisor.s=teachingAssistantOf.s,advisor.o=http://www.Department17.University30.edu/AssociateProfessor12|name.o=GraduateStudent78|,1
teachingAssistantOf|takesCourse|advisor,teachingAssistantOf.s=takesCourse.s|takesCourse.s=advisor.s,||,112124
teachingAssistantOf|takesCourse|advisor,teachingAssistantOf.s=takesCourse.s|takesCourse.s=advisor.s,|takesCourse.o=http://www.Department1.University52.edu/GraduateCourse30|,1
takesCourse,,takesCourse.o=http://www.Department11.University89.edu/Course7,29
type|takesCourse|name,type.s=takesCourse.s|takesCourse.o=name.s,type.o=http://swat.cse.lehigh.edu/onto/univ-bench.owl#Student||name.o=Course2,44227
telephone|advisor|takesCourse|type,telephone.s=advisor.s|telephone.s=takesCourse.s|advisor.o=type.s,|||,3931472
telephone|advisor|takesCourse|type,telephone.s=advisor.s|telephone.s=takesCourse.s|advisor.o=type.s,||takesCourse.o=http://www.Department0.University46.edu/Course28|,20
type|degreeFrom,type.s=degreeFrom.o,|degreeFrom.s=http://www.Department7.University48.edu/Lecturer5,6
emailAddress|degreeFrom|type,emailAddress.s=degreeFrom.s|emailAddress.s=type.s,||type.o=http://swat.cse.lehigh.edu/onto/univ-bench.owl#Faculty,216664
member|type|telephone,member.o=type.s|type.s=telephone.s,|type.o=http://swat.cse.lehigh.edu/onto/univ-bench.owl#GraduateStudent|telephone.o=xxx-xxx-xxxx,252562
advisor|type,advisor.o=type.s,advisor.s=http://www.Department3.University74.edu/UndergraduateStudent90|,4
takesCourse|type|member,takesCourse.s=type.s|type.s=member.o,takesCourse.o=http://www.Department3.University51.edu/Course1|type.o=http://swat.cse.lehigh.edu/onto/univ-bench.owl#UndergraduateStudent|,32
takesCourse|name,takesCourse.s=name.s,takesCourse.o=http://www.Department20.University35.edu/Course31|name.o=UndergraduateStudent166,1
takesCourse,,takesCourse.o=http://www.Department0.University25.edu/GraduateCourse31,3
degreeFrom|name|advisor,degreeFrom.o=name.s|degreeFrom.s=advisor.o,||,122537
degreeFrom|name|advisor,degreeFrom.o=name.s|degreeFrom.s=advisor.o,|name.o=University16|advisor.s=http://www.Department19.University61.edu/UndergraduateStudent414,1
member,,member.o=http://www.Department1.University13.edu/GraduateStudent83,1
advisor|type|emailAddress|name,advisor.s=type.s|advisor.o=emailAddress.s|advisor.s=name.s,|||,1277412
advisor|type|emailAddress|name,advisor.s=type.s|advisor.o=emailAddress.s|advisor.s=name.s,|||name.o=GraduateStudent126,3558
member|type|takesCourse|telephone|name,member.o=type.s|member.o=takesCourse.s|takesCourse.s=telephone.s|member.o=name.s,||||,6699472
member|type|takesCourse|telephone|name,member.o=type.s|member.o=takesCourse.s|takesCourse.s=telephone.s|member.o=name.s,||takesCourse.o=http://www.Department14.University32.edu/Course37|telephone.o=xxx-xxx-xxxx|,44
name|type,name.s=type.s,|type.o=http://swat.cse.lehigh.edu/onto/univ-bench.owl#UndergraduateStudent,795970
member,,member.o=http://www.Department11.University76.edu/UndergraduateStudent91,1
publicationAuthor|name|takesCourse|type,publicationAuthor.o=name.s|name.s=takesCourse.s|takesCourse.o=type.s,|||,3806622
publicationAuthor|name|takesCourse|type,publicationAuthor.o=name.s|name.s=takesCourse.s|takesCourse.o=type.s,|name.o=GraduateStudent14||,30651
memberOf|name,memberOf.s=name.s,memberOf.o=http://www.Department6.University95.edu|,473
teacherOf,,teacherOf.s=http://www.Department16.University99.edu/FullProfessor0,4
emailAddress|type|takesCourse|member|telephone,emailAddress.s=type.s|type.s=takesCourse.s|type.s=member.o|member.o=telephone.s,||||,6699472
emailAddress|type|takesCourse|member|telephone,emailAddress.s=type.s|type.s=takesCourse.s|type.s=member.o|member.o=telephone.s,|||member.s=http://www.Department11.University21.edu|,3598
telephone|type|emailAddress|teacherOf|member,telephone.s=type.s|telephone.s=emailAddress.s|telephone.s=teacherOf.s|emailAddress.s=member.o,||||,832418
telephone|type|emailAddress|teacherOf|member,telephone.s=type.s|telephone.s=emailAddress.s|telephone.s=teacherOf.s|emailAddress.s=member.o,|||teacherOf.o=http://www.Department10.University45.edu/Course55|,3
takesCourse,,takesCourse.o=http://www.Department4.University15.edu/Course38,16
memberOf|type,memberOf.o=type.s,memberOf.s=http://www.Department9.University22.edu/GraduateStudent125|type.o=http://swat.cse.lehigh.edu/onto/univ-bench.owl#Department,1
advisor|type|member|name,advisor.s=type.s|type.s=member.o|member.o=name.s,|||,1277412
advisor|type|member|name,advisor.s=type.s|type.s=member.o|member.o=name.s,advisor.o=http://www.Department19.University30.edu/FullProfessor4|||,27
takesCourse,,takesCourse.o=http://www.Department20.University92.edu/Course29,20
takesCourse,,takesCourse.o=http://www.Department5.University51.edu/Course52,23
takesCourse,,takesCourse.s=http://www.Department5.University51.edu/GraduateStudent20,2
type|teacherOf,type.s=teacherOf.s,type.o=http://swat.cse.lehigh.edu/onto/univ-bench.owl#FullProfessor|,51484
takesCourse|memberOf|publicationAuthor|name,takesCourse.s=memberOf.s|takesCourse.s=publicationAuthor.o|memberOf.o=name.s,|||,1268874
takesCourse|memberOf|publicationAuthor|name,takesCourse.s=memberOf.s|takesCourse.s=publicationAuthor.o|memberOf.o=name.s,||publicationAuthor.s=http://www.Department10.University15.edu/AssociateProfessor7/Publication5|name.o=Department10,6
type,,type.o=http://swat.cse.lehigh.edu/onto/univ-bench.owl#Faculty,72302
advisor|telephone|undergraduateDegreeFrom|type,advisor.s=telephone.s|telephone.s=undergraduateDegreeFrom.s|telephone.s=type.s,|||,959534
advisor|telephone|undergraduateDegreeFrom|type,advisor.s=telephone.s|telephone.s=undergraduateDegreeFrom.s|telephone.s=type.s,advisor.o=http://www.Department19.University78.edu/AssistantProfessor6||undergraduateDegreeFrom.o=http://www.University663.edu|,4
telephone|member|advisor|name|publicationAuthor,telephone.s=member.o|telephone.s=advisor.s|member.s=name.s|member.o=publicationAuthor.o,||||,633443
telephone|member|advisor|name|publicationAuthor,telephone.s=member.o|telephone.s=advisor.s|member.s=name.s|member.o=publicationAuthor.o,|||name.o=Department15|,29126
type|takesCourse|degreeFrom,type.s=takesCourse.o|takesCourse.s=degreeFrom.s,type.o=http://swat.cse.lehigh.edu/onto/univ-bench.owl#GraduateCourse||degreeFrom.o=http://www.University918.edu,495
member|name|type|publicationAuthor|emailAddress,member.o=name.s|member.o=type.s|type.s=publicationAuthor.o|member.o=emailAddress.s,||||,5611783
member|name|type|publicationAuthor|emailAddress,member.o=name.s|member.o=type.s|type.s=publicationAuthor.o|member.o=emailAddress.s,member.s=http://www.Department5.University44.edu|name.o=AssociateProfessor5|||,72
subOrganizationOf|name|type,subOrganizationOf.s=name.s|name.s=type.s,|name.o=Department3|type.o=http://swat.cse.lehigh.edu/onto/univ-bench.owl#Department,100
publicationAuthor|degreeFrom,publicationAuthor.o=degreeFrom.s,publicationAuthor.s=http://www.Department17.University85.edu/AssociateProfessor7/Publication8|,5
takesCourse,,takesCourse.s=http://www.Department5.University22.edu/UndergraduateStudent378,3
publicationAuthor|type|memberOf|undergraduateDegreeFrom|takesCourse,publicationAuthor.o=type.s|type.s=memberOf.s|publicationAuthor.o=undergraduateDegreeFrom.s|publicationAuthor.o=takesCourse.s,||||,4822836
publicationAuthor|type|memberOf|undergraduateDegreeFrom|takesCourse,publicationAuthor.o=type.s|type.s=memberOf.s|publicationAuthor.o=undergraduateDegreeFrom.s|publicationAuthor.o=takesCourse.s,|||undergraduateDegreeFrom.o=http://www.University428.edu|,5197
emailAddress|publicationAuthor|type|name|takesCourse,emailAddress.s=publicationAuthor.o|publicationAuthor.s=type.s|emailAddress.s=name.s|name.s=takesCourse.s,||||,1268874
emailAddress|publicationAuthor|type|name|takesCourse,emailAddress.s=publicationAuthor.o|publicationAuthor.s=type.s|emailAddress.s=name.s|name.s=takesCourse.s,emailAddress.o=GraduateStudent22@Department4.University84.edu||type.o=http://swat.cse.lehigh.edu/onto/univ-bench.owl#Publication||,6
type,,type.s=http://www.Department15.University52.edu/FullProfessor3,4
degreeFrom|takesCourse|telephone|advisor,degreeFrom.s=takesCourse.s|degreeFrom.s=telephone.s|degreeFrom.s=advisor.s,|||,505548
degreeFrom|takesCourse|telephone|advisor,degreeFrom.s=takesCourse.s|degreeFrom.s=telephone.s|degreeFrom.s=advisor.s,degreeFrom.o=http://www.University763.edu||telephone.o=xxx-xxx-xxxx|,520
memberOf|teacherOf|hasAlumnus,memberOf.s=teacherOf.s|memberOf.s=hasAlumnus.o,||,650724
memberOf|teacherOf|hasAlumnus,memberOf.s=teacherOf.s|memberOf.s=hasAlumnus.o,|teacherOf.o=http://www.Department22.University56.edu/GraduateCourse25|hasAlumnus.s=http://www.University911.edu,1
takesCourse,,takesCourse.o=http://www.Department2.University99.edu/Course27,28
takesCourse|member|memberOf|telephone|type,takesCourse.s=member.o|member.s=memberOf.o|member.o=telephone.s|takesCourse.o=type.s,||||,3580314334
takesCourse|member|memberOf|telephone|type,takesCourse.s=member.o|member.s=memberOf.o|member.o=telephone.s|takesCourse.o=type.s,||memberOf.s=http://www.Department14.University8.edu/GraduateStudent51||,3682
type|telephone|takesCourse,type.s=telephone.s|type.s=takesCourse.s,type.o=http://swat.cse.lehigh.edu/onto/univ-bench.owl#UndergraduateStudent|telephone.o=xxx-xxx-xxxx|,2389201
takesCourse|type|advisor|memberOf,takesCourse.s=type.s|takesCourse.s=advisor.s|type.s=memberOf.s,|||,2875710
takesCourse|type|advisor|memberOf,takesCourse.s=type.s|takesCourse.s=advisor.s|type.s=memberOf.s,|type.o=http://swat.cse.lehigh.edu/onto/univ-bench.owl#Person||memberOf.o=http://www.Department6.University71.edu,222
type|emailAddress,type.s=emailAddress.s,type.o=http://swat.cse.lehigh.edu/onto/univ-bench.owl#Student|,795970
takesCourse|hasAlumnus|type|undergraduateDegreeFrom,takesCourse.s=hasAlumnus.o|takesCourse.o=type.s|hasAlumnus.s=undergraduateDegreeFrom.o,|||,494336916
takesCourse|hasAlumnus|type|undergraduateDegreeFrom,takesCourse.s=hasAlumnus.o|takesCourse.o=type.s|hasAlumnus.s=undergraduateDegreeFrom.o,||type.o=http://swat.cse.lehigh.edu/onto/univ-bench.owl#Work|undergraduateDegreeFrom.s=http://www.Department12.University34.edu/GraduateStudent90,476
undergraduateDegreeFrom|takesCourse,undergraduateDegreeFrom.s=takesCourse.s,undergraduateDegreeFrom.o=http://www.University98.edu|takesCourse.o=http://www.Department5.University73.edu/GraduateCourse3,1
memberOf|undergraduateDegreeFrom|type|name,memberOf.s=undergraduateDegreeFrom.s|memberOf.s=type.s|undergraduateDegreeFrom.s=name.s,|||,1236708
memberOf|undergraduateDegreeFrom|type|name,memberOf.s=undergraduateDegreeFrom.s|memberOf.s=type.s|undergraduateDegreeFrom.s=name.s,memberOf.o=http://www.Department8.University70.edu||type.o=http://swat.cse.lehigh.edu/onto/univ-bench.owl#Person|,120
name|takesCourse|memberOf|type,name.s=takesCourse.o|takesCourse.s=memberOf.s|memberOf.o=type.s,|||,5789498
name|takesCourse|memberOf|type,name.s=takesCourse.o|takesCourse.s=memberOf.s|memberOf.o=type.s,name.o=Course33|||type.o=http://swat.cse.lehigh.edu/onto/univ-bench.owl#Organization,44500
publicationAuthor,,publicationAuthor.s=http://www.Department1.University65.edu/FullProfessor0/Publication5,2
telephone|takesCourse|type,telephone.s=takesCourse.s|takesCourse.o=type.s,telephone.o=xxx-xxx-xxxx||,6295046
publicationAuthor|name|takesCourse|type|memberOf,publicationAuthor.s=name.s|publicationAuthor.o=takesCourse.s|name.s=type.s|takesCourse.s=memberOf.s,||||,1268874
publicationAuthor|name|takesCourse|type|memberOf,publicationAuthor.s=name.s|publicationAuthor.o=takesCourse.s|name.s=type.s|takesCourse.s=memberOf.s,|name.o=Publication3||type.o=http://swat.cse.lehigh.edu/onto/univ-bench.owl#Publication|,100772
hasAlumnus|name|type|member,hasAlumnus.o=name.s|name.s=type.s|hasAlumnus.o=member.o,|||,1790142
hasAlumnus|name|type|member,hasAlumnus.o=name.s|name.s=type.s|hasAlumnus.o=member.o,|name.o=GraduateStudent89||,7587
degreeFrom|type|name|takesCourse,degreeFrom.s=type.s|type.s=name.s|degreeFrom.s=takesCourse.s,|||,1921070
degreeFrom|type|name|takesCourse,degreeFrom.s=type.s|type.s=name.s|degreeFrom.s=takesCourse.s,||name.o=GraduateStudent5|takesCourse.o=http://www.Department9.University9.edu/GraduateCourse11,4
takesCourse|emailAddress,takesCourse.s=emailAddress.s,takesCourse.o=http://www.Department13.University35.edu/Course30|emailAddress.o=UndergraduateStudent187@Department13.University35.edu,1
member,,member.s=http://www.Department22.University12.edu,536
publicationAuthor|takesCourse,publicationAuthor.o=takesCourse.s,publicationAuthor.s=http://www.Department14.University38.edu/AssociateProfessor6/Publication13|takesCourse.o=http://www.Department14.University38.edu/GraduateCourse43,1
undergraduateDegreeFrom|degreeFrom|name|emailAddress|type,undergraduateDegreeFrom.o=degreeFrom.o|degreeFrom.s=name.s|degreeFrom.s=emailAddress.s|degreeFrom.o=type.s,||||,305575716
undergraduateDegreeFrom|degreeFrom|name|emailAddress|type,undergraduateDegreeFrom.o=degreeFrom.o|degreeFrom.s=name.s|degreeFrom.s=emailAddress.s|degreeFrom.o=type.s,|||emailAddress.o=Lecturer0@Department9.University53.edu|type.o=http://swat.cse.lehigh.edu/onto/univ-bench.owl#Organization,1018
telephone,,telephone.o=xxx-xxx-xxxx,1120834
member|name,member.s=name.s,member.o=http://www.Department0.University78.edu/UndergraduateStudent57|name.o=Department0,1
takesCourse|member|name,takesCourse.s=member.o|takesCourse.s=name.s,takesCourse.o=http://www.Department9.University38.edu/Course29||,24
memberOf,,memberOf.o=http://www.Department15.University36.edu,623
member|takesCourse|telephone,member.o=takesCourse.s|member.o=telephone.s,member.s=http://www.Department7.University84.edu|takesCourse.o=http://www.Department7.University84.edu/Course16|,23
member|undergraduateDegreeFrom|publicationAuthor,member.o=undergraduateDegreeFrom.s|undergraduateDegreeFrom.s=publicationAuthor.o,||publicationAuthor.s=http://www.Department10.University21.edu/AssociateProfessor2/Publication4,1
takesCourse|type,takesCourse.s=type.s,takesCourse.o=http://www.Department8.University84.edu/Course40|type.o=http://swat.cse.lehigh.edu/onto/univ-bench.owl#UndergraduateStudent,29
hasAlumnus|type|name|takesCourse,hasAlumnus.o=type.s|type.s=name.s|name.s=takesCourse.s,|||,1921070
hasAlumnus|type|name|takesCourse,hasAlumnus.o=type.s|type.s=name.s|name.s=takesCourse.s,|type.o=http://swat.cse.lehigh.edu/onto/univ-bench.owl#Person|name.o=GraduateStudent102|,3892
type|hasAlumnus,type.s=hasAlumnus.s,|hasAlumnus.o=http://www.Department6.University60.edu/GraduateStudent71,2
advisor|member|type|memberOf|undergraduateDegreeFrom,advisor.o=member.o|member.o=type.s|member.s=memberOf.o|member.o=undergraduateDegreeFrom.s,||||,930587428
advisor|member|type|memberOf|undergraduateDegreeFrom,advisor.o=member.o|member.o=type.s|member.s=memberOf.o|member.o=undergraduateDegreeFrom.s,||||undergraduateDegreeFrom.o=http://www.University403.edu,873964
publicationAuthor,,publicationAuthor.s=http://www.Department14.University38.edu/FullProfessor0/Publication11,2
emailAddress|publicationAuthor|takesCourse|type|member,emailAddress.s=publicationAuthor.o|publicationAuthor.o=takesCourse.s|publicationAuthor.s=type.s|publicationAuthor.o=member.o,||||,1268874
emailAddress|publicationAuthor|takesCourse|type|member,emailAddress.s=publicationAuthor.o|publicationAuthor.o=takesCourse.s|publicationAuthor.s=type.s|publicationAuthor.o=member.o,emailAddress.o=GraduateStudent121@Department9.University98.edu||||,1
member|publicationAuthor|takesCourse|memberOf,member.o=publicationAuthor.o|member.o=takesCourse.s|member.s=memberOf.o,|||,712921211
member|publicationAuthor|takesCourse|memberOf,member.o=publicationAuthor.o|member.o=takesCourse.s|member.s=memberOf.o,|publicationAuthor.s=http://www.Department14.University87.edu/AssociateProfessor6/Publication4||memberOf.s=http://www.Department14.University87.edu/UndergraduateStudent260,3
telephone|takesCourse|memberOf,telephone.s=takesCourse.s|telephone.s=memberOf.s,telephone.o=xxx-xxx-xxxx||,2894749
type,,type.s=http://www.Department2.University34.edu/Course17,2
type|emailAddress|member,type.s=emailAddress.s|type.s=member.o,|emailAddress.o=UndergraduateStudent175@Department9.University60.edu|,2
takesCourse,,takesCourse.o=http://www.Department4.University54.edu/Course54,29
name,,name.s=http://www.Department1.University59.edu/GraduateCourse10,1
type,,type.s=http://www.Department12.University49.edu/UndergraduateStudent261,2
type|takesCourse|emailAddress,type.s=takesCourse.s|type.s=emailAddress.s,type.o=http://swat.cse.lehigh.edu/onto/univ-bench.owl#GraduateStudent||,505548
type,,type.s=http://www.Department9.University46.edu/Course42,2
emailAddress|publicationAuthor|type|memberOf|name,emailAddress.s=publicationAuthor.o|publicationAuthor.o=type.s|publicationAuthor.o=memberOf.s|publicationAuthor.o=name.s,||||,5611783
emailAddress|publicationAuthor|type|memberOf|name,emailAddress.s=publicationAuthor.o|publicationAuthor.o=type.s|publicationAuthor.o=memberOf.s|publicationAuthor.o=name.s,||type.o=http://swat.cse.lehigh.edu/onto/univ-bench.owl#Employee||name.o=AssistantProfessor5,15058
memberOf|telephone|name,memberOf.s=telephone.s|memberOf.s=name.s,|telephone.o=xxx-xxx-xxxx|name.o=UndergraduateStudent312,1739
emailAddress|advisor|type|publicationAuthor,emailAddress.s=advisor.o|advisor.s=type.s|emailAddress.s=publicationAuthor.o,|||,16581592
takesCourse|advisor|type,takesCourse.s=advisor.s|advisor.o=type.s,takesCourse.o=http://www.Department16.University35.edu/GraduateCourse29||type.o=http://swat.cse.lehigh.edu/onto/univ-bench.owl#Employee,9
type|name|publicationAuthor|advisor|memberOf,type.s=name.s|type.s=publicationAuthor.o|name.s=advisor.o|name.s=memberOf.s,||||,21370092
type|name|publicationAuthor|advisor|memberOf,type.s=name.s|type.s=publicationAuthor.o|name.s=advisor.o|name.s=memberOf.s,||publicationAuthor.s=http://www.Department1.University40.edu/AssociateProfessor3/Publication16|advisor.s=http://www.Department1.University40.edu/GraduateStudent118|,4
type|publicationAuthor|emailAddress|doctoralDegreeFrom,type.s=publicationAuthor.o|publicationAuthor.o=emailAddress.s|publicationAuthor.o=doctoralDegreeFrom.s,|||,3204661
type|publicationAuthor|emailAddress|doctoralDegreeFrom,type.s=publicationAuthor.o|publicationAuthor.o=emailAddress.s|publicationAuthor.o=doctoralDegreeFrom.s,type.o=http://swat.cse.lehigh.edu/onto/univ-bench.owl#Employee|publicationAuthor.s=http://www.Department4.University96.edu/FullProfessor6/Publication12||,1
type,,type.s=http://www.Department6.University5.edu/UndergraduateStudent418,2
takesCourse|name|type|publicationAuthor,takesCourse.s=name.s|takesCourse.s=type.s|name.s=publicationAuthor.o,|||,4822836
takesCourse|name|type|publicationAuthor,takesCourse.s=name.s|takesCourse.s=type.s|name.s=publicationAuthor.o,|name.o=GraduateStudent65||publicationAuthor.s=http://www.Department0.University23.edu/AssociateProfessor11/Publication15,3
name|takesCourse|emailAddress,name.s=takesCourse.o|takesCourse.s=emailAddress.s,name.o=Course20||emailAddress.o=UndergraduateStudent167@Department15.University78.edu,1
type|publicationAuthor|name|takesCourse,type.s=publicationAuthor.s|publicationAuthor.s=name.s|publicationAuthor.o=takesCourse.s,|||,1268874
type|publicationAuthor|name|takesCourse,type.s=publicationAuthor.s|publicationAuthor.s=name.s|publicationAuthor.o=takesCourse.s,||name.o=Publication1|,108567
type,,type.o=http://swat.cse.lehigh.edu/onto/univ-bench.owl#Person,252562
type|member,type.s=member.s,|member.o=http://www.Department20.University12.edu/UndergraduateStudent198,2
type|takesCourse|memberOf|member|undergraduateDegreeFrom,type.s=takesCourse.s|takesCourse.s=memberOf.s|type.s=member.o|memberOf.s=undergraduateDegreeFrom.s,||||,1921070
type|takesCourse|memberOf|member|undergraduateDegreeFrom,type.s=takesCourse.s|takesCourse.s=memberOf.s|type.s=member.o|memberOf.s=undergraduateDegreeFrom.s,type.o=http://swat.cse.lehigh.edu/onto/univ-bench.owl#ResearchAssistant||||,146151
emailAddress,,emailAddress.o=UndergraduateStudent27@Department1.University32.edu,1
takesCourse|memberOf|degreeFrom|name|type,takesCourse.s=memberOf.s|memberOf.s=degreeFrom.s|memberOf.s=name.s|memberOf.o=type.s,||||,1011096
takesCourse|memberOf|degreeFrom|name|type,takesCourse.s=memberOf.s|memberOf.s=degreeFrom.s|memberOf.s=name.s|memberOf.o=type.s,takesCourse.o=http://www.Department13.University70.edu/GraduateCourse25||||,10
telephone,,telephone.s=http://www.Department14.University63.edu/UndergraduateStudent286,1
member,,member.o=http://www.Department2.University42.edu/GraduateStudent95,1
type|memberOf|takesCourse|name|telephone,type.s=memberOf.s|type.s=takesCourse.s|takesCourse.s=name.s|name.s=telephone.s,||||,6699472
type|memberOf|takesCourse|name|telephone,type.s=memberOf.s|type.s=takesCourse.s|takesCourse.s=name.s|name.s=telephone.s,type.o=http://swat.cse.lehigh.edu/onto/univ-bench.owl#UndergraduateStudent||||telephone.o=xxx-xxx-xxxx,2389201
takesCourse|type,takesCourse.o=type.s,takesCourse.s=http://www.Department3.University27.edu/GraduateStudent52|,9
publicationAuthor|telephone|type|member,publicationAuthor.o=telephone.s|publicationAuthor.s=type.s|telephone.s=member.o,|||,1442184
publicationAuthor|telephone|type|member,publicationAuthor.o=telephone.s|publicationAuthor.s=type.s|telephone.s=member.o,|||member.s=http://www.Department18.University62.edu,679
emailAddress|degreeFrom|teachingAssistantOf|member|type,emailAddress.s=degreeFrom.s|emailAddress.s=teachingAssistantOf.s|teachingAssistantOf.s=member.o|teachingAssistantOf.s=type.s,||||,223976
emailAddress|degreeFrom|teachingAssistantOf|member|type,emailAddress.s=degreeFrom.s|emailAddress.s=teachingAssistantOf.s|teachingAssistantOf.s=member.o|teachingAssistantOf.s=type.s,||teachingAssistantOf.o=http://www.Department13.University85.edu/Course43||,4
takesCourse,,takesCourse.o=http://www.Department3.University63.edu/Course55,20
name|member|advisor,name.s=member.o|name.s=advisor.s,name.o=UndergraduateStudent46|member.s=http://www.Department18.University9.edu|,1
emailAddress,,emailAddress.o=UndergraduateStudent119@Department12.University88.edu,1
takesCourse|type,takesCourse.o=type.s,takesCourse.s=http://www.Department6.University14.edu/GraduateStudent95|type.o=http://swat.cse.lehigh.edu/onto/univ-bench.owl#Work,2
takesCourse,,takesCourse.o=http://www.Department12.University18.edu/Course21,25
publicationAuthor|takesCourse|type,publicationAuthor.o=takesCourse.s|takesCourse.o=type.s,publicationAuthor.s=http://www.Department18.University33.edu/AssistantProfessor0/Publication1||type.o=http://swat.cse.lehigh.edu/onto/univ-bench.owl#Course,5
type|hasAlumnus|publicationAuthor|takesCourse|emailAddress,type.s=hasAlumnus.o|hasAlumnus.o=publicationAuthor.o|type.s=takesCourse.s|takesCourse.s=emailAddress.s,||||,4822836
type|hasAlumnus|publicationAuthor|takesCourse|emailAddress,type.s=hasAlumnus.o|hasAlumnus.o=publicationAuthor.o|type.s=takesCourse.s|takesCourse.s=emailAddress.s,type.o=http://swat.cse.lehigh.edu/onto/univ-bench.owl#TeachingAssistant||||,281654
takesCourse,,takesCourse.o=http://www.Department13.University85.edu/Course17,39
name|memberOf|emailAddress|type|takesCourse,name.s=memberOf.s|memberOf.s=emailAddress.s|memberOf.s=type.s|memberOf.s=takesCourse.s,||||,6699472
name|memberOf|emailAddress|type|takesCourse,name.s=memberOf.s|memberOf.s=emailAddress.s|memberOf.s=type.s|memberOf.s=takesCourse.s,||emailAddress.o=UndergraduateStudent321@Department15.University23.edu||,8
member|emailAddress|memberOf|teacherOf,member.o=emailAddress.s|emailAddress.s=memberOf.s|memberOf.s=teacherOf.s,|||,217148
member|emailAddress|memberOf|teacherOf,member.o=emailAddress.s|emailAddress.s=memberOf.s|memberOf.s=teacherOf.s,member.s=http://www.Department11.University50.edu|emailAddress.o=Lecturer5@Department11.University50.edu||,3
name|degreeFrom|type|member,name.s=degreeFrom.s|name.s=type.s|name.s=member.o,|||,1790142
name|degreeFrom|type|member,name.s=degreeFrom.s|name.s=type.s|name.s=member.o,|||member.s=http://www.Department1.University9.edu,961
type|publicationAuthor|takesCourse,type.s=publicationAuthor.s|publicationAuthor.o=takesCourse.s,||takesCourse.o=http://www.Department18.University23.edu/GraduateCourse2,19
teacherOf,,teacherOf.o=http://www.Department15.University87.edu/Course51,1
type|takesCourse|advisor|telephone,type.s=takesCourse.o|takesCourse.s=advisor.s|takesCourse.s=telephone.s,|||,2471284
type|takesCourse|advisor|telephone,type.s=takesCourse.o|takesCourse.s=advisor.s|takesCourse.s=telephone.s,||advisor.o=http://www.Department3.University57.edu/FullProfessor8|telephone.o=xxx-xxx-xxxx,71
publicationAuthor|name,publicationAuthor.o=name.s,|name.o=AssociateProfessor2,28077
advisor,,advisor.o=http://www.Department5.University28.edu/AssociateProfessor13,7
takesCourse|telephone|degreeFrom|member|hasAlumnus,takesCourse.s=telephone.s|takesCourse.s=degreeFrom.s|telephone.s=member.o|degreeFrom.s=hasAlumnus.o,||||,505548
takesCourse|telephone|degreeFrom|member|hasAlumnus,takesCourse.s=telephone.s|takesCourse.s=degreeFrom.s|telephone.s=member.o|degreeFrom.s=hasAlumnus.o,||degreeFrom.o=http://www.University588.edu||,479
type|hasAlumnus,type.s=hasAlumnus.o,|hasAlumnus.s=http://www.University65.edu,1683
type|teacherOf|takesCourse|name,type.s=teacherOf.o|type.s=takesCourse.o|teacherOf.s=name.s,|||,6295046
type|teacherOf|takesCourse|name,type.s=teacherOf.o|type.s=takesCourse.o|teacherOf.s=name.s,||takesCourse.s=http://www.Department12.University87.edu/UndergraduateStudent76|,8
name|publicationAuthor|type|hasAlumnus|member,name.s=publicationAuthor.o|publicationAuthor.o=type.s|type.s=hasAlumnus.o|publicationAuthor.o=member.o,||||,12010843
name|publicationAuthor|type|hasAlumnus|member,name.s=publicationAuthor.o|publicationAuthor.o=type.s|type.s=hasAlumnus.o|publicationAuthor.o=member.o,name.o=AssociateProfessor10|||hasAlumnus.s=http://www.University602.edu|,404
worksFor|emailAddress|hasAlumnus|telephone,worksFor.s=emailAddress.s|worksFor.s=hasAlumnus.o|worksFor.s=telephone.s,|||,216664
worksFor|emailAddress|hasAlumnus|telephone,worksFor.s=emailAddress.s|worksFor.s=hasAlumnus.o|worksFor.s=telephone.s,||hasAlumnus.s=http://www.University538.edu|,218
type|name|member|takesCourse,type.s=name.s|name.s=member.o|name.s=takesCourse.s,|||,6699472
type|name|member|takesCourse,type.s=name.s|name.s=member.o|name.s=takesCourse.s,||member.s=http://www.Department14.University84.edu|,3156
publicationAuthor|type,publicationAuthor.s=type.s,publicationAuthor.o=http://www.Department14.University51.edu/AssistantProfessor0|type.o=http://swat.cse.lehigh.edu/onto/univ-bench.owl#Publication,9
telephone|type,telephone.s=type.s,telephone.o=xxx-xxx-xxxx|type.o=http://swat.cse.lehigh.edu/onto/univ-bench.owl#UndergraduateStudent,795970
telephone|takesCourse|member|type,telephone.s=takesCourse.s|telephone.s=member.o|member.o=type.s,|||,6699472
telephone|takesCourse|member|type,telephone.s=takesCourse.s|telephone.s=member.o|member.o=type.s,|takesCourse.o=http://www.Department5.University41.edu/GraduateCourse34||,14
emailAddress|memberOf|type|member|takesCourse,emailAddress.s=memberOf.s|memberOf.s=type.s|memberOf.o=member.s|memberOf.s=takesCourse.s,||||,672235498
advisor|type|publicationAuthor,advisor.s=type.s|advisor.o=publicationAuthor.o,|type.o=http://swat.cse.lehigh.edu/onto/univ-bench.owl#TeachingAssistant|publicationAuthor.s=http://www.Department5.University59.edu/FullProfessor5/Publication14,2
type,,type.o=http://swat.cse.lehigh.edu/onto/univ-bench.owl#Student,795970
takesCourse|type|hasAlumnus,takesCourse.s=type.s|type.s=hasAlumnus.o,|type.o=http://swat.cse.lehigh.edu/onto/univ-bench.owl#GraduateStudent|hasAlumnus.s=http://www.University84.edu,480
takesCourse|emailAddress|name|memberOf|member,takesCourse.s=emailAddress.s|emailAddress.s=name.s|emailAddress.s=memberOf.s|emailAddress.s=member.o,||||,2894749
takesCourse|emailAddress|name|memberOf|member,takesCourse.s=emailAddress.s|emailAddress.s=name.s|emailAddress.s=memberOf.s|emailAddress.s=member.o,||name.o=UndergraduateStudent104|memberOf.o=http://www.Department12.University52.edu|,3
type|takesCourse,type.s=takesCourse.s,type.o=http://swat.cse.lehigh.edu/onto/univ-bench.owl#Student|takesCourse.o=http://www.Department14.University52.edu/Course14,31
advisor|name|type|member|publicationAuthor,advisor.o=name.s|advisor.s=type.s|name.s=member.o|advisor.o=publicationAuthor.o,||||,16581592
telephone|name,telephone.s=name.s,telephone.o=xxx-xxx-xxxx|name.o=UndergraduateStudent105,2007
memberOf|name|takesCourse|publicationAuthor|type,memberOf.s=name.s|memberOf.s=takesCourse.s|name.s=publicationAuthor.o|memberOf.s=type.s,||||,4822836
memberOf|name|takesCourse|publicationAuthor|type,memberOf.s=name.s|memberOf.s=takesCourse.s|name.s=publicationAuthor.o|memberOf.s=type.s,memberOf.o=http://www.Department0.University69.edu||||,2854
type|publicationAuthor|undergraduateDegreeFrom|name,type.s=publicationAuthor.s|publicationAuthor.o=undergraduateDegreeFrom.s|publicationAuthor.o=name.s,|||,1442184
type|publicationAuthor|undergraduateDegreeFrom|name,type.s=publicationAuthor.s|publicationAuthor.o=undergraduateDegreeFrom.s|publicationAuthor.o=name.s,|||name.o=AssistantProfessor8,11299
publicationAuthor|member|type,publicationAuthor.o=member.o|member.s=type.s,publicationAuthor.s=http://www.Department22.University92.edu/FullProfessor8/Publication12||,4
publicationAuthor|takesCourse|degreeFrom|name|type,publicationAuthor.o=takesCourse.s|publicationAuthor.o=degreeFrom.s|takesCourse.o=name.s|name.s=type.s,||||,3806622
publicationAuthor|takesCourse|degreeFrom|name|type,publicationAuthor.o=takesCourse.s|publicationAuthor.o=degreeFrom.s|takesCourse.o=name.s|name.s=type.s,||degreeFrom.o=http://www.University706.edu||,3798
publicationAuthor|type,publicationAuthor.s=type.s,publicationAuthor.o=http://www.Department9.University52.edu/AssociateProfessor0|,14
takesCourse|name|advisor|telephone,takesCourse.s=name.s|takesCourse.s=advisor.s|takesCourse.s=telephone.s,|||,982868
takesCourse|name|advisor|telephone,takesCourse.s=name.s|takesCourse.s=advisor.s|takesCourse.s=telephone.s,|name.o=GraduateStudent61||telephone.o=xxx-xxx-xxxx,3966
publicationAuthor|type|member|emailAddress|memberOf,publicationAuthor.o=type.s|type.s=member.o|publicationAuthor.o=emailAddress.s|publicationAuthor.o=memberOf.s,||||,5611783
publicationAuthor|type|member|emailAddress|memberOf,publicationAuthor.o=type.s|type.s=member.o|publicationAuthor.o=emailAddress.s|publicationAuthor.o=memberOf.s,|||emailAddress.o=GraduateStudent58@Department14.University39.edu|memberOf.o=http://www.Department14.University39.edu,20
member|memberOf|type|degreeFrom|takesCourse,member.s=memberOf.o|member.o=type.s|memberOf.s=degreeFrom.s|degreeFrom.s=takesCourse.s,||||,397995327
member|memberOf|type|degreeFrom|takesCourse,member.s=memberOf.o|member.o=type.s|memberOf.s=degreeFrom.s|degreeFrom.s=takesCourse.s,||||takesCourse.o=http://www.Department14.University45.edu/GraduateCourse56,4788
type|publicationAuthor|advisor|emailAddress,type.s=publicationAuthor.o|type.s=advisor.o|type.s=emailAddress.s,|||,21370092
type|publicationAuthor|advisor|emailAddress,type.s=publicationAuthor.o|type.s=advisor.o|type.s=emailAddress.s,||advisor.s=http://www.Department5.University7.edu/GraduateStudent101|,60
hasAlumnus|name|type,hasAlumnus.o=name.s|hasAlumnus.s=type.s,|name.o=AssociateProfessor4|type.o=http://swat.cse.lehigh.edu/onto/univ-bench.owl#Organization,6014
publicationAuthor|type|memberOf,publicationAuthor.o=type.s|type.s=memberOf.s,|type.o=http://swat.cse.lehigh.edu/onto/univ-bench.owl#ResearchAssistant|memberOf.o=http://www.Department16.University6.edu,83
member|telephone|name|memberOf|teachingAssistantOf,member.o=telephone.s|member.s=name.s|member.s=memberOf.o|telephone.s=teachingAssistantOf.s,||||,31443483
member|telephone|name|memberOf|teachingAssistantOf,member.o=telephone.s|member.s=name.s|member.s=memberOf.o|telephone.s=teachingAssistantOf.s,|telephone.o=xxx-xxx-xxxx||memberOf.s=http://www.Department8.University4.edu/UndergraduateStudent92|,34
publicationAuthor|type,publicationAuthor.s=type.s,publicationAuthor.o=http://www.Department17.University42.edu/GraduateStudent68|type.o=http://swat.cse.lehigh.edu/onto/univ-bench.owl#Publication,4
type,,type.s=http://www.Department19.University33.edu/GraduateCourse47,3
takesCourse|type|name|publicationAuthor,takesCourse.o=type.s|takesCourse.s=name.s|name.s=publicationAuthor.o,|||,3806622
takesCourse|type|name|publicationAuthor,takesCourse.o=type.s|takesCourse.s=name.s|name.s=publicationAuthor.o,|type.o=http://swat.cse.lehigh.edu/onto/univ-bench.owl#Course||,1268874
takesCourse|telephone|publicationAuthor|name|hasAlumnus,takesCourse.s=telephone.s|telephone.s=publicationAuthor.o|takesCourse.o=name.s|takesCourse.s=hasAlumnus.o,||||,1268874
takesCourse|telephone|publicationAuthor|name|hasAlumnus,takesCourse.s=telephone.s|telephone.s=publicationAuthor.o|takesCourse.o=name.s|takesCourse.s=hasAlumnus.o,|telephone.o=xxx-xxx-xxxx||name.o=GraduateCourse17|,23497
takesCourse|emailAddress,takesCourse.s=emailAddress.s,takesCourse.o=http://www.Department0.University42.edu/GraduateCourse2|,3
takesCourse|emailAddress|type,takesCourse.s=emailAddress.s|takesCourse.s=type.s,|emailAddress.o=UndergraduateStudent372@Department0.University78.edu|type.o=http://swat.cse.lehigh.edu/onto/univ-bench.owl#UndergraduateStudent,3
name|memberOf|takesCourse|type|telephone,name.s=memberOf.s|name.s=takesCourse.s|takesCourse.o=type.s|name.s=telephone.s,||||,6295046
name|memberOf|takesCourse|type|telephone,name.s=memberOf.s|name.s=takesCourse.s|takesCourse.o=type.s|name.s=telephone.s,name.o=UndergraduateStudent109||||,12070
advisor|member|name|type,advisor.o=member.o|advisor.o=name.s|advisor.s=type.s,|||,1277412
advisor|member|name|type,advisor.o=member.o|advisor.o=name.s|advisor.s=type.s,|member.s=http://www.Department19.University33.edu||type.o=http://swat.cse.lehigh.edu/onto/univ-bench.owl#Person,131
type|member|takesCourse|name,type.s=member.s|member.o=takesCourse.s|member.o=name.s,|||,5789498
type|member|takesCourse|name,type.s=member.s|member.o=takesCourse.s|member.o=name.s,type.o=http://swat.cse.lehigh.edu/onto/univ-bench.owl#Organization|||name.o=GraduateStudent93,4008
type,,type.o=http://swat.cse.lehigh.edu/onto/univ-bench.owl#GraduateStudent,252562
teacherOf|takesCourse|type,teacherOf.o=takesCourse.o|teacherOf.o=type.s,||type.o=http://swat.cse.lehigh.edu/onto/univ-bench.owl#Course,2894749
emailAddress,,emailAddress.s=http://www.Department20.University48.edu/UndergraduateStudent281,1
takesCourse,,takesCourse.o=http://www.Department11.University22.edu/Course28,24
publicationAuthor|name|type|takesCourse,publicationAuthor.s=name.s|publicationAuthor.o=type.s|publicationAuthor.o=takesCourse.s,|||,4822836
advisor|member|telephone|name|type,advisor.o=member.o|advisor.s=telephone.s|member.s=name.s|advisor.o=type.s,||||,1646004
advisor|member|telephone|name|type,advisor.o=member.o|advisor.s=telephone.s|member.s=name.s|advisor.o=type.s,||telephone.o=xxx-xxx-xxxx||type.o=http://swat.cse.lehigh.edu/onto/univ-bench.owl#FullProfessor,137517
emailAddress|advisor,emailAddress.s=advisor.o,emailAddress.o=AssistantProfessor0@Department2.University46.edu|,7
hasAlumnus|memberOf,hasAlumnus.o=memberOf.s,hasAlumnus.s=http://www.University215.edu|,450
type|takesCourse,type.s=takesCourse.s,type.o=http://swat.cse.lehigh.edu/onto/univ-bench.owl#Student|takesCourse.o=http://www.Department5.University57.edu/Course14,23
takesCourse,,takesCourse.o=http://www.Department12.University72.edu/Course52,24
name|type|member|memberOf|takesCourse,name.s=type.s|name.s=member.s|member.s=memberOf.o|member.o=takesCourse.s,||||,665757610
name|type|member|memberOf|takesCourse,name.s=type.s|name.s=member.s|member.s=memberOf.o|member.o=takesCourse.s,|type.o=http://swat.cse.lehigh.edu/onto/univ-bench.owl#Department|||takesCourse.o=http://www.Department2.University40.edu/GraduateCourse17,3282
type,,type.s=http://www.Department3.University59.edu/UndergraduateStudent236,2
memberOf|publicationAuthor|type,memberOf.s=publicationAuthor.o|memberOf.s=type.s,||type.o=http://swat.cse.lehigh.edu/onto/univ-bench.owl#Faculty,808741
member|type|name,member.s=type.s|type.s=name.s,member.o=http://www.Department9.University42.edu/GraduateStudent58|type.o=http://swat.cse.lehigh.edu/onto/univ-bench.owl#Organization|,1
type|member,type.s=member.o,type.o=http://swat.cse.lehigh.edu/onto/univ-bench.owl#Professor|,60268
memberOf|member|type|undergraduateDegreeFrom|telephone,memberOf.o=member.s|memberOf.o=type.s|memberOf.s=undergraduateDegreeFrom.s|memberOf.s=telephone.s,||||,364853404
memberOf|member|type|undergraduateDegreeFrom|telephone,memberOf.o=member.s|memberOf.o=type.s|memberOf.s=undergraduateDegreeFrom.s|memberOf.s=telephone.s,|member.o=http://www.Department12.University74.edu/UndergraduateStudent52|type.o=http://swat.cse.lehigh.edu/onto/univ-bench.owl#Organization||,151
memberOf,,memberOf.o=http://www.Department4.University89.edu,533
member|publicationAuthor,member.o=publicationAuthor.o,member.s=http://www.Department9.University95.edu|publicationAuthor.s=http://www.Department9.University95.edu/AssistantProfessor5/Publication7,4
type,,type.s=http://www.Department4.University68.edu/GraduateStudent82,5
name|advisor|hasAlumnus|degreeFrom,name.s=advisor.o|name.s=hasAlumnus.o|hasAlumnus.s=degreeFrom.o,|||,540549099
name|advisor|hasAlumnus|degreeFrom,name.s=advisor.o|name.s=hasAlumnus.o|hasAlumnus.s=degreeFrom.o,|advisor.s=http://www.Department12.University58.edu/UndergraduateStudent88||degreeFrom.s=http://www.Department21.University96.edu/FullProfessor8,1
degreeFrom|type,degreeFrom.s=type.s,degreeFrom.o=http://www.University110.edu|,1873
member,,member.o=http://www.Department3.University18.edu/UndergraduateStudent267,1
memberOf|type|member|publicationAuthor|name,memberOf.s=type.s|type.s=member.o|memberOf.s=publicationAuthor.o|publicationAuthor.s=name.s,||||,5611783
memberOf|type|member|publicationAuthor|name,memberOf.s=type.s|type.s=member.o|memberOf.s=publicationAuthor.o|publicationAuthor.s=name.s,memberOf.o=http://www.Department17.University78.edu||||,3026
type,,type.o=http://swat.cse.lehigh.edu/onto/univ-bench.owl#Student,795970
type|telephone|member,type.s=telephone.s|telephone.s=member.o,type.o=http://swat.cse.lehigh.edu/onto/univ-bench.owl#Student||member.s=http://www.Department9.University9.edu,520
type|takesCourse|emailAddress|memberOf|undergraduateDegreeFrom,type.s=takesCourse.s|type.s=emailAddress.s|emailAddress.s=memberOf.s|memberOf.s=undergraduateDegreeFrom.s,||||,1921070
type|takesCourse|emailAddress|memberOf|undergraduateDegreeFrom,type.s=takesCourse.s|type.s=emailAddress.s|emailAddress.s=memberOf.s|memberOf.s=undergraduateDegreeFrom.s,||emailAddress.o=GraduateStudent67@Department16.University96.edu||undergraduateDegreeFrom.o=http://www.University299.edu,5
member,,member.o=http://www.Department1.University43.edu/UndergraduateStudent340,1
type|name,type.s=name.s,type.o=http://swat.cse.lehigh.edu/onto/univ-bench.owl#UndergraduateStudent|name.o=UndergraduateStudent405,911
type,,type.s=http://www.Department5.University49.edu/UndergraduateStudent321,2
takesCourse|teacherOf|emailAddress,takesCourse.o=teacherOf.o|takesCourse.s=emailAddress.s,|teacherOf.s=http://www.Department10.University55.edu/FullProfessor0|emailAddress.o=UndergraduateStudent129@Department10.University55.edu,1
type|publicationAuthor,type.s=publicationAuthor.o,type.o=http://swat.cse.lehigh.edu/onto/univ-bench.owl#Faculty|publicationAuthor.s=http://www.Department5.University6.edu/AssociateProfessor2/Publication11,1
degreeFrom|emailAddress|type,degreeFrom.s=emailAddress.s|emailAddress.s=type.s,|emailAddress.o=AssistantProfessor7@Department10.University42.edu|,12
publicationAuthor,,publicationAuthor.o=http://www.Department8.University37.edu/FullProfessor3,20
telephone,,telephone.s=http://www.Department16.University84.edu/UndergraduateStudent375,1
teacherOf|name|undergraduateDegreeFrom,teacherOf.s=name.s|teacherOf.s=undergraduateDegreeFrom.s,||,217148
teacherOf|name|undergraduateDegreeFrom,teacherOf.s=name.s|teacherOf.s=undergraduateDegreeFrom.s,|name.o=FullProfessor7|undergraduateDegreeFrom.o=http://www.University347.edu,6
memberOf|type|emailAddress|telephone,memberOf.s=type.s|type.s=emailAddress.s|emailAddress.s=telephone.s,|||,2828648
memberOf|type|emailAddress|telephone,memberOf.s=type.s|type.s=emailAddress.s|emailAddress.s=telephone.s,memberOf.o=http://www.Department4.University58.edu|||,1376
member|type|name|memberOf,member.s=type.s|member.s=name.s|member.s=memberOf.o,|||,712965547
memberOf|type,memberOf.s=type.s,memberOf.o=http://www.Department16.University16.edu|type.o=http://swat.cse.lehigh.edu/onto/univ-bench.owl#Student,292
takesCourse|publicationAuthor|type|memberOf|emailAddress,takesCourse.s=publicationAuthor.o|takesCourse.o=type.s|publicationAuthor.o=memberOf.s|memberOf.s=emailAddress.s,||||,3806622
takesCourse|publicationAuthor|type|memberOf|emailAddress,takesCourse.s=publicationAuthor.o|takesCourse.o=type.s|publicationAuthor.o=memberOf.s|memberOf.s=emailAddress.s,|||memberOf.o=http://www.Department10.University5.edu|,1998
publicationAuthor|type,publicationAuthor.o=type.s,|type.o=http://swat.cse.lehigh.edu/onto/univ-bench.owl#Employee,808741
teacherOf|name|member,teacherOf.s=name.s|teacherOf.s=member.o,teacherOf.o=http://www.Department21.University61.edu/Course3||member.s=http://www.Department21.University61.edu,1
takesCourse|type,takesCourse.s=type.s,takesCourse.o=http://www.Department12.University16.edu/Course48|,52
type|degreeFrom|name,type.s=degreeFrom.o|type.s=name.s,type.o=http://swat.cse.lehigh.edu/onto/univ-bench.owl#University||name.o=University62,498
type,,type.s=http://www.Department3.University23.edu/GraduateStudent89,5
name,,name.o=Publication4,62350
emailAddress,,emailAddress.s=http://www.Department7.University92.edu/GraduateStudent60,1
member|memberOf|takesCourse|type,member.o=memberOf.s|memberOf.s=takesCourse.s|memberOf.o=type.s,|||,5789498
member|memberOf|takesCourse|type,member.o=memberOf.s|memberOf.s=takesCourse.s|memberOf.o=type.s,||takesCourse.o=http://www.Department1.University2.edu/GraduateCourse14|type.o=http://swat.cse.lehigh.edu/onto/univ-bench.owl#Organization,4
name,,name.o=Publication5,57124
memberOf|telephone,memberOf.s=telephone.s,memberOf.o=http://www.Department14.University14.edu|,428
memberOf|advisor|type|takesCourse|degreeFrom,memberOf.s=advisor.s|advisor.s=type.s|type.s=takesCourse.s|takesCourse.s=degreeFrom.s,||||,1921070
memberOf|advisor|type|takesCourse|degreeFrom,memberOf.s=advisor.s|advisor.s=type.s|type.s=takesCourse.s|takesCourse.s=degreeFrom.s,memberOf.o=http://www.Department10.University90.edu||||,1042
type|telephone|takesCourse|degreeFrom,type.s=telephone.s|telephone.s=takesCourse.s|type.s=degreeFrom.s,|||,1921070
type|telephone|takesCourse|degreeFrom,type.s=telephone.s|telephone.s=takesCourse.s|type.s=degreeFrom.s,type.o=http://swat.cse.lehigh.edu/onto/univ-bench.owl#GraduateStudent|||,505548
emailAddress|name|type,emailAddress.s=name.s|emailAddress.s=type.s,|name.o=FullProfessor8|,4160
degreeFrom|emailAddress|type,degreeFrom.s=emailAddress.s|degreeFrom.s=type.s,degreeFrom.o=http://www.University268.edu||type.o=http://swat.cse.lehigh.edu/onto/univ-bench.owl#Faculty,208
hasAlumnus,,hasAlumnus.s=http://www.University292.edu,469
type,,type.s=http://www.Department23.University77.edu/UndergraduateStudent328,2
emailAddress|name,emailAddress.s=name.s,|name.o=GraduateStudent93,2005
member|takesCourse,member.o=takesCourse.s,|takesCourse.o=http://www.Department7.University75.edu/GraduateCourse46,8
publicationAuthor|degreeFrom|takesCourse|type|telephone,publicationAuthor.o=degreeFrom.s|publicationAuthor.o=takesCourse.s|degreeFrom.s=type.s|takesCourse.s=telephone.s,||||,4822836
publicationAuthor|degreeFrom|takesCourse|type|telephone,publicationAuthor.o=degreeFrom.s|publicationAuthor.o=takesCourse.s|degreeFrom.s=type.s|takesCourse.s=telephone.s,|degreeFrom.o=http://www.University247.edu|||,4963
publicationAuthor|type,publicationAuthor.o=type.s,publicationAuthor.s=http://www.Department6.University19.edu/FullProfessor4/Publication7|type.o=http://swat.cse.lehigh.edu/onto/univ-bench.owl#Professor,1
type|takesCourse|member|emailAddress,type.s=takesCourse.s|takesCourse.s=member.o|member.o=emailAddress.s,|||,6699472
type|takesCourse|member|emailAddress,type.s=takesCourse.s|takesCourse.s=member.o|member.o=emailAddress.s,|||emailAddress.o=UndergraduateStudent329@Department0.University78.edu,8
takesCourse,,takesCourse.s=http://www.Department21.University24.edu/UndergraduateStudent256,2
type|teacherOf|name,type.s=teacherOf.o|teacherOf.s=name.s,||name.o=FullProfessor4,14896
publicationAuthor|type|emailAddress|takesCourse,publicationAuthor.o=type.s|publicationAuthor.o=emailAddress.s|emailAddress.s=takesCourse.s,|||,4822836
publicationAuthor|type|emailAddress|takesCourse,publicationAuthor.o=type.s|publicationAuthor.o=emailAddress.s|emailAddress.s=takesCourse.s,||emailAddress.o=GraduateStudent118@Department10.University89.edu|takesCourse.o=http://www.Department10.University89.edu/GraduateCourse40,15
member|takesCourse|hasAlumnus|publicationAuthor,member.o=takesCourse.s|takesCourse.s=hasAlumnus.o|member.o=publicationAuthor.o,|||,1268874
member|takesCourse|hasAlumnus|publicationAuthor,member.o=takesCourse.s|takesCourse.s=hasAlumnus.o|member.o=publicationAuthor.o,|||publicationAuthor.s=http://www.Department4.University70.edu/FullProfessor4/Publication9,5
member|takesCourse|name|type,member.o=takesCourse.s|member.o=name.s|member.s=type.s,|||,5789498
member|takesCourse|name|type,member.o=takesCourse.s|member.o=name.s|member.s=type.s,|||type.o=http://swat.cse.lehigh.edu/onto/univ-bench.owl#Department,2894749
memberOf|advisor|telephone,memberOf.s=advisor.s|advisor.o=telephone.s,memberOf.o=http://www.Department18.University77.edu||telephone.o=xxx-xxx-xxxx,200
hasAlumnus,,hasAlumnus.o=http://www.Department18.University39.edu/GraduateStudent58,1
emailAddress|name|type|takesCourse|advisor,emailAddress.s=name.s|name.s=type.s|type.s=takesCourse.s|takesCourse.s=advisor.s,||||,2875710
emailAddress|name|type|takesCourse|advisor,emailAddress.s=name.s|name.s=type.s|type.s=takesCourse.s|takesCourse.s=advisor.s,|name.o=UndergraduateStudent424|||,944
emailAddress|telephone,emailAddress.s=telephone.s,|telephone.o=xxx-xxx-xxxx,1120834
publicationAuthor|name|type|degreeFrom|memberOf,publicationAuthor.o=name.s|publicationAuthor.o=type.s|name.s=degreeFrom.s|type.s=memberOf.s,||||,12010843
publicationAuthor|name|type|degreeFrom|memberOf,publicationAuthor.o=name.s|publicationAuthor.o=type.s|name.s=degreeFrom.s|type.s=memberOf.s,||type.o=http://swat.cse.lehigh.edu/onto/univ-bench.owl#Faculty||memberOf.o=http://www.Department21.University35.edu,1143
type|member,type.s=member.o,type.o=http://swat.cse.lehigh.edu/onto/univ-bench.owl#UndergraduateStudent|,795970
hasAlumnus|type,hasAlumnus.s=type.s,hasAlumnus.o=http://www.Department3.University75.edu/GraduateStudent106|type.o=http://swat.cse.lehigh.edu/onto/univ-bench.owl#Organization,1
emailAddress,,emailAddress.o=UndergraduateStudent46@Department3.University54.edu,1
member,,member.o=http://www.Department3.University24.edu/GraduateStudent111,1
telephone|type,telephone.s=type.s,|type.o=http://swat.cse.lehigh.edu/onto/univ-bench.owl#Student,795970
publicationAuthor|name,publicationAuthor.s=name.s,publicationAuthor.o=http://www.Department15.University72.edu/AssociateProfessor1|name.o=Publication11,1
type,,type.s=http://www.Department11.University66.edu/AssociateProfessor6/Publication11,1
type|publicationAuthor|emailAddress|takesCourse,type.s=publicationAuthor.o|type.s=emailAddress.s|emailAddress.s=takesCourse.s,|||,4822836
type|publicationAuthor|emailAddress|takesCourse,type.s=publicationAuthor.o|type.s=emailAddress.s|emailAddress.s=takesCourse.s,type.o=http://swat.cse.lehigh.edu/onto/univ-bench.owl#Person|||,1268874
memberOf|takesCourse|emailAddress|member,memberOf.s=takesCourse.s|takesCourse.s=emailAddress.s|emailAddress.s=member.o,|||,2894749
memberOf|takesCourse|emailAddress|member,memberOf.s=takesCourse.s|takesCourse.s=emailAddress.s|emailAddress.s=member.o,memberOf.o=http://www.Department1.University57.edu|||member.s=http://www.Department1.University57.edu,1621
memberOf,,memberOf.s=http://www.Department1.University87.edu/UndergraduateStudent381,1
publicationAuthor|degreeFrom|takesCourse|name|type,publicationAuthor.o=degreeFrom.s|publicationAuthor.o=takesCourse.s|publicationAuthor.o=name.s|publicationAuthor.s=type.s,||||,1268874
publicationAuthor|degreeFrom|takesCourse|name|type,publicationAuthor.o=degreeFrom.s|publicationAuthor.o=takesCourse.s|publicationAuthor.o=name.s|publicationAuthor.s=type.s,||takesCourse.o=http://www.Department12.University41.edu/GraduateCourse4||type.o=http://swat.cse.lehigh.edu/onto/univ-bench.owl#Publication,13
type,,type.o=http://swat.cse.lehigh.edu/onto/univ-bench.owl#Course,217148
memberOf|type|advisor,memberOf.s=type.s|memberOf.s=advisor.s,memberOf.o=http://www.Department15.University63.edu||,575
member|telephone|emailAddress|type,member.o=telephone.s|member.o=emailAddress.s|telephone.s=type.s,|||,2828648
member|telephone|emailAddress|type,member.o=telephone.s|member.o=emailAddress.s|telephone.s=type.s,member.s=http://www.Department15.University34.edu|||,1482
degreeFrom|name|advisor,degreeFrom.s=name.s|degreeFrom.s=advisor.o,|name.o=AssistantProfessor7|advisor.s=http://www.Department11.University79.edu/GraduateStudent14,3
subOrganizationOf,,subOrganizationOf.o=http://www.University0.edu,239
emailAddress,,emailAddress.s=http://www.Department15.University55.edu/UndergraduateStudent181,1
telephone,,telephone.s=http://www.Department6.University25.edu/GraduateStudent28,1
type,,type.o=http://swat.cse.lehigh.edu/onto/univ-bench.owl#Work,217148
type|hasAlumnus,type.s=hasAlumnus.s,type.o=http://swat.cse.lehigh.edu/onto/univ-bench.owl#University|,469226
type|name|telephone|publicationAuthor,type.s=name.s|type.s=telephone.s|telephone.s=publicationAuthor.o,|||,5611783
type|name|telephone|publicationAuthor,type.s=name.s|type.s=telephone.s|telephone.s=publicationAuthor.o,|||publicationAuthor.s=http://www.Department6.University79.edu/Lecturer2/Publication0,3
telephone|memberOf|takesCourse|publicationAuthor|type,telephone.s=memberOf.s|telephone.s=takesCourse.s|takesCourse.s=publicationAuthor.o|takesCourse.o=type.s,||||,3806622
telephone|memberOf|takesCourse|publicationAuthor|type,telephone.s=memberOf.s|telephone.s=takesCourse.s|takesCourse.s=publicationAuthor.o|takesCourse.o=type.s,|||publicationAuthor.s=http://www.Department19.University36.edu/AssistantProfessor3/Publication5|,27
name|takesCourse,name.s=takesCourse.o,name.o=Course37|,44336
emailAddress|undergraduateDegreeFrom|telephone|name,emailAddress.s=undergraduateDegreeFrom.s|undergraduateDegreeFrom.s=telephone.s|telephone.s=name.s,|||,324864
emailAddress|undergraduateDegreeFrom|telephone|name,emailAddress.s=undergraduateDegreeFrom.s|undergraduateDegreeFrom.s=telephone.s|telephone.s=name.s,|||name.o=AssistantProfessor2,2007
member,,member.o=http://www.Department6.University58.edu/GraduateStudent103,1
name|memberOf|advisor,name.s=memberOf.s|name.s=advisor.s,||advisor.o=http://www.Department20.University40.edu/AssociateProfessor10,5
takesCourse,,takesCourse.s=http://www.Department4.University99.edu/UndergraduateStudent195,3
emailAddress|name|takesCourse,emailAddress.s=name.s|emailAddress.s=takesCourse.s,emailAddress.o=GraduateStudent87@Department15.University14.edu||takesCourse.o=http://www.Department15.University14.edu/GraduateCourse41,1
telephone|takesCourse|type|memberOf,telephone.s=takesCourse.s|takesCourse.s=type.s|telephone.s=memberOf.s,|||,6699472
telephone|takesCourse|type|memberOf,telephone.s=takesCourse.s|takesCourse.s=type.s|telephone.s=memberOf.s,|||memberOf.o=http://www.Department14.University21.edu,3113
type|publicationAuthor|name,type.s=publicationAuthor.o|publicationAuthor.o=name.s,|publicationAuthor.s=http://www.Department15.University87.edu/AssistantProfessor7/Publication4|name.o=GraduateStudent79,4
type,,type.o=http://swat.cse.lehigh.edu/onto/univ-bench.owl#Publication,808741
name|publicationAuthor|type,name.s=publicationAuthor.o|name.s=type.s,name.o=GraduateStudent37|publicationAuthor.s=http://www.Department6.University88.edu/AssociateProfessor2/Publication3|,5
type|name|takesCourse,type.s=name.s|type.s=takesCourse.o,|name.o=Course54|,40742
type|telephone,type.s=telephone.s,type.o=http://swat.cse.lehigh.edu/onto/univ-bench.owl#Student|telephone.o=xxx-xxx-xxxx,795970
takesCourse,,takesCourse.s=http://www.Department15.University60.edu/UndergraduateStudent58,3
name|takesCourse|type|member,name.s=takesCourse.s|takesCourse.s=type.s|name.s=member.o,|||,6699472
name|takesCourse|type|member,name.s=takesCourse.s|takesCourse.s=type.s|name.s=member.o,name.o=UndergraduateStudent353|||member.s=http://www.Department8.University84.edu,6
hasAlumnus|telephone|type|publicationAuthor|name,hasAlumnus.o=telephone.s|telephone.s=type.s|telephone.s=publicationAuthor.o|hasAlumnus.s=name.s,||||,1195657
hasAlumnus|telephone|type|publicationAuthor|name,hasAlumnus.o=telephone.s|telephone.s=type.s|telephone.s=publicationAuthor.o|hasAlumnus.s=name.s,|||publicationAuthor.s=http://www.Department23.University31.edu/FullProfessor0/Publication0|,8
name|type,name.s=type.s,name.o=UndergraduateStudent92|type.o=http://swat.cse.lehigh.edu/onto/univ-bench.owl#UndergraduateStudent,2007
takesCourse|type|emailAddress|publicationAuthor|memberOf,takesCourse.o=type.s|takesCourse.s=emailAddress.s|takesCourse.s=publicationAuthor.o|publicationAuthor.o=memberOf.s,||||,3806622
takesCourse|type|emailAddress|publicationAuthor|memberOf,takesCourse.o=type.s|takesCourse.s=emailAddress.s|takesCourse.s=publicationAuthor.o|publicationAuthor.o=memberOf.s,|||publicationAuthor.s=http://www.Department5.University20.edu/FullProfessor5/Publication8|memberOf.o=http://www.Department5.University20.edu,15
type|memberOf|name,type.s=memberOf.s|memberOf.o=name.s,type.o=http://swat.cse.lehigh.edu/onto/univ-bench.owl#Student||name.o=Department15,36640
type|hasAlumnus|name|telephone|researchInterest,type.s=hasAlumnus.s|hasAlumnus.o=name.s|hasAlumnus.o=telephone.s|name.s=researchInterest.s,||||,361232
type|hasAlumnus|name|telephone|researchInterest,type.s=hasAlumnus.s|hasAlumnus.o=name.s|hasAlumnus.o=telephone.s|name.s=researchInterest.s,||name.o=AssistantProfessor8|telephone.o=xxx-xxx-xxxx|,9080
telephone|degreeFrom|takesCourse|publicationAuthor,telephone.s=degreeFrom.s|degreeFrom.s=takesCourse.s|degreeFrom.s=publicationAuthor.o,|||,1268874
telephone|degreeFrom|takesCourse|publicationAuthor,telephone.s=degreeFrom.s|degreeFrom.s=takesCourse.s|degreeFrom.s=publicationAuthor.o,telephone.o=xxx-xxx-xxxx||takesCourse.o=http://www.Department15.University9.edu/GraduateCourse43|,5
advisor|name,advisor.o=name.s,advisor.s=http://www.Department19.University98.edu/GraduateStudent126|,1
takesCourse|type|telephone|emailAddress|memberOf,takesCourse.s=type.s|takesCourse.s=telephone.s|takesCourse.s=emailAddress.s|emailAddress.s=memberOf.s,||||,6699472
takesCourse|type|telephone|emailAddress|memberOf,takesCourse.s=type.s|takesCourse.s=telephone.s|takesCourse.s=emailAddress.s|emailAddress.s=memberOf.s,||||memberOf.o=http://www.Department3.University18.edu,4164
emailAddress|publicationAuthor,emailAddress.s=publicationAuthor.o,emailAddress.o=AssistantProfessor5@Department8.University36.edu|,8
emailAddress,,emailAddress.s=http://www.Department4.University64.edu/GraduateStudent3,1
emailAddress,,emailAddress.s=http://www.Department5.University73.edu/GraduateStudent57,1
advisor|name|takesCourse|type|emailAddress,advisor.s=name.s|advisor.s=takesCourse.s|name.s=type.s|takesCourse.s=emailAddress.s,||||,2875710
advisor|name|takesCourse|type|emailAddress,advisor.s=name.s|advisor.s=takesCourse.s|name.s=type.s|takesCourse.s=emailAddress.s,|||type.o=http://swat.cse.lehigh.edu/onto/univ-bench.owl#GraduateStudent|emailAddress.o=GraduateStudent105@Department3.University79.edu,3
publicationAuthor,,publicationAuthor.s=http://www.Department1.University51.edu/FullProfessor4/Publication2,3
takesCourse|name|publicationAuthor,takesCourse.s=name.s|name.s=publicationAuthor.o,||publicationAuthor.s=http://www.Department4.University89.edu/AssociateProfessor2/Publication8,2
name|takesCourse,name.s=takesCourse.s,name.o=GraduateStudent44|takesCourse.o=http://www.Department10.University58.edu/GraduateCourse55,1
type|memberOf,type.s=memberOf.o,type.o=http://swat.cse.lehigh.edu/onto/univ-bench.owl#Organization|memberOf.s=http://www.Department20.University24.edu/UndergraduateStudent27,1
takesCourse|advisor|name|type,takesCourse.s=advisor.s|takesCourse.o=name.s|advisor.s=type.s,|||,2875710
takesCourse|advisor|name|type,takesCourse.s=advisor.s|takesCourse.o=name.s|advisor.s=type.s,|||type.o=http://swat.cse.lehigh.edu/onto/univ-bench.owl#Person,505548
emailAddress,,emailAddress.s=http://www.Department2.University4.edu/GraduateStudent1,1
member|type|name|memberOf,member.s=type.s|member.s=name.s|type.s=memberOf.o,member.o=http://www.Department8.University16.edu/GraduateStudent50|type.o=http://swat.cse.lehigh.edu/onto/univ-bench.owl#Organization||,571
publicationAuthor|degreeFrom|name|emailAddress|type,publicationAuthor.o=degreeFrom.s|degreeFrom.o=name.s|publicationAuthor.o=emailAddress.s|name.s=type.s,||||,608390
