name,,name.s=http://www.Department2.University49.edu/UndergraduateStudent355,1
memberOf,,memberOf.o=http://www.Department7.University58.edu,700
advisor,,advisor.o=http://www.Department7.University0.edu/AssociateProfessor3,12
name,,name.o=UndergraduateStudent149,2007
type,,type.s=http://www.Department7.University83.edu/UndergraduateStudent245,2
degreeFrom,,degreeFrom.s=http://www.Department2.University29.edu/AssociateProfessor10,3
takesCourse,,takesCourse.s=http://www.Department11.University71.edu/GraduateStudent38,3
publicationAuthor,,publicationAuthor.s=http://www.Department10.University99.edu/AssociateProfessor3/Publication12,2
name,,name.s=http://www.Department5.University95.edu/GraduateStudent25,1
type,,type.s=http://www.Department8.University43.edu/UndergraduateStudent20,2
publicationAuthor,,publicationAuthor.o=http://www.Department0.University80.edu/GraduateStudent1,4
takesCourse,,takesCourse.o=http://www.Department7.University30.edu/Course37,23
member,,member.s=http://www.Department15.University85.edu,485
takesCourse,,takesCourse.o=http://www.Department9.University77.edu/Course7,19
takesCourse,,takesCourse.o=http://www.Department13.University95.edu/Course26,18
takesCourse,,takesCourse.o=http://www.Department6.University0.edu/Course13,21
name,,name.s=http://www.Department17.University9.edu/AssociateProfessor6,1
type,,type.o=http://swat.cse.lehigh.edu/onto/univ-bench.owl#UndergraduateStudent,795970
name,,name.o=Course37,2007
publicationAuthor,,publicationAuthor.o=http://www.Department0.University59.edu/GraduateStudent100,4
undergraduateDegreeFrom,,undergraduateDegreeFrom.o=http://www.University812.edu,334
publicationAuthor,,publicationAuthor.s=http://www.Department3.University86.edu/FullProfessor1/Publication9,2
publicationAuthor,,publicationAuthor.o=http://www.Department7.University38.edu/GraduateStudent77,1
takesCourse,,takesCourse.o=http://www.Department15.University98.edu/Course45,33
takesCourse,,takesCourse.s=http://www.Department12.University95.edu/UndergraduateStudent75,4
takesCourse,,takesCourse.s=http://www.Department18.University6.edu/GraduateStudent96,3
takesCourse,,takesCourse.s=http://www.Department6.University61.edu/UndergraduateStudent288,2
memberOf,,memberOf.o=http://www.Department8.University40.edu,526
type,,type.o=http://swat.cse.lehigh.edu/onto/univ-bench.owl#Course,217148
member,,member.s=http://www.Department3.University45.edu,618
emailAddress,,emailAddress.o=UndergraduateStudent204@Department13.University33.edu,1
telephone,,telephone.s=http://www.Department19.University4.edu/UndergraduateStudent245,1
memberOf,,memberOf.o=http://www.Department9.University86.edu,617
type,,type.o=http://swat.cse.lehigh.edu/onto/univ-bench.owl#UndergraduateStudent,795970
name,,name.s=http://www.Department2.University79.edu/Course14,1
name,,name.s=http://www.Department1.University97.edu/UndergraduateStudent122,1
takesCourse,,takesCourse.o=http://www.Department7.University60.edu/GraduateCourse4,5
type,,type.o=http://swat.cse.lehigh.edu/onto/univ-bench.owl#Course,217148
degreeFrom,,degreeFrom.s=http://www.Department11.University87.edu/GraduateStudent75,1
takesCourse,,takesCourse.s=http://www.Department0.University96.edu/UndergraduateStudent12,2
type,,type.o=http://swat.cse.lehigh.edu/onto/univ-bench.owl#Course,217148
memberOf,,memberOf.s=http://www.Department6.University49.edu/UndergraduateStudent391,1
takesCourse,,takesCourse.o=http://www.Department14.University34.edu/Course17,28
takesCourse,,takesCourse.s=http://www.Department17.University45.edu/UndergraduateStudent292,4
undergraduateDegreeFrom,,undergraduateDegreeFrom.o=http://www.University305.edu,331
publicationAuthor,,publicationAuthor.s=http://www.Department4.University51.edu/AssociateProfessor4/Publication8,4
member,,member.s=http://www.Department6.University51.edu,657
undergraduateDegreeFrom,,undergraduateDegreeFrom.s=http://www.Department17.University12.edu/FullProfessor0,1
emailAddress,,emailAddress.s=http://www.Department13.University3.edu/GraduateStudent50,1
publicationAuthor,,publicationAuthor.s=http://www.Department12.University33.edu/FullProfessor2/Publication17,2
takesCourse,,takesCourse.s=http://www.Department9.University68.edu/UndergraduateStudent180,4
publicationAuthor,,publicationAuthor.o=http://www.Department7.University60.edu/GraduateStudent40,2
memberOf,,memberOf.s=http://www.Department5.University69.edu/UndergraduateStudent29,1
teacherOf,,teacherOf.o=http://www.Department2.University86.edu/GraduateCourse25,1
type,,type.o=http://swat.cse.lehigh.edu/onto/univ-bench.owl#Publication,808741
type,,type.s=http://www.Department19.University85.edu/UndergraduateStudent106,2
takesCourse,,takesCourse.o=http://www.Department17.University60.edu/Course17,32
takesCourse,,takesCourse.o=http://www.Department8.University10.edu/GraduateCourse21,10
type,,type.s=http://www.Department12.University28.edu/FullProfessor6/Publication15,1
memberOf,,memberOf.o=http://www.Department8.University52.edu,465
telephone,,telephone.s=http://www.Department13.University27.edu/GraduateStudent102,1
name,,name.o=Publication3,64343
advisor,,advisor.o=http://www.Department21.University33.edu/FullProfessor3,11
takesCourse,,takesCourse.o=http://www.Department22.University6.edu/Course1,26
takesCourse,,takesCourse.o=http://www.Department19.University17.edu/Course9,36
type,,type.o=http://swat.cse.lehigh.edu/onto/univ-bench.owl#Student,795970
type,,type.o=http://swat.cse.lehigh.edu/onto/univ-bench.owl#Work,217148
takesCourse,,takesCourse.o=http://www.Department0.University94.edu/Course14,28
name,,name.s=http://www.Department14.University81.edu/FullProfessor4/Publication7,1
member,,member.s=http://www.Department4.University42.edu,603
telephone,,telephone.o=xxx-xxx-xxxx,1120834
type,,type.o=http://swat.cse.lehigh.edu/onto/univ-bench.owl#UndergraduateStudent,795970
advisor,,advisor.o=http://www.Department2.University63.edu/AssociateProfessor4,4
undergraduateDegreeFrom,,undergraduateDegreeFrom.s=http://www.Department7.University92.edu/GraduateStudent116,1
takesCourse,,takesCourse.o=http://www.Department14.University98.edu/GraduateCourse33,2
type,,type.s=http://www.Department18.University59.edu/Lecturer5,3
member,,member.o=http://www.Department14.University76.edu/UndergraduateStudent63,1
emailAddress,,emailAddress.s=http://www.Department15.University13.edu/UndergraduateStudent140,1
member,,member.s=http://www.Department18.University9.edu,448
emailAddress,,emailAddress.o=UndergraduateStudent315@Department2.University34.edu,1
name,,name.o=Publication10,38372
publicationAuthor,,publicationAuthor.s=http://www.Department16.University1.edu/AssociateProfessor1/Publication9,3
type,,type.s=http://www.Department3.University5.edu/UndergraduateStudent262,2
name,,name.s=http://www.Department11.University77.edu/GraduateStudent110,1
publicationAuthor,,publicationAuthor.o=http://www.Department12.University94.edu/GraduateStudent12,2
takesCourse,,takesCourse.s=http://www.Department12.University37.edu/UndergraduateStudent493,4
type,,type.s=http://www.Department8.University23.edu/UndergraduateStudent153,2
type,,type.o=http://swat.cse.lehigh.edu/onto/univ-bench.owl#Work,217148
takesCourse,,takesCourse.o=http://www.Department17.University90.edu/Course56,17
member,,member.s=http://www.Department15.University48.edu,512
telephone,,telephone.s=http://www.Department5.University65.edu/UndergraduateStudent99,1
takesCourse,,takesCourse.s=http://www.Department10.University12.edu/UndergraduateStudent364,2
telephone,,telephone.o=xxx-xxx-xxxx,1120834
takesCourse,,takesCourse.s=http://www.Department12.University66.edu/UndergraduateStudent170,4
takesCourse,,takesCourse.o=http://www.Department12.University29.edu/GraduateCourse42,6
type,,type.o=http://swat.cse.lehigh.edu/onto/univ-bench.owl#Publication,808741
degreeFrom,,degreeFrom.s=http://www.Department8.University54.edu/GraduateStudent34,1
type,,type.s=http://www.Department5.University42.edu/FullProfessor6/Publication6,1
name,,name.o=UndergraduateStudent151,2007
takesCourse,,takesCourse.o=http://www.Department23.University85.edu/Course35,21
subOrganizationOf,,subOrganizationOf.s=http://www.Department4.University8.edu/ResearchGroup7,2
degreeFrom,,degreeFrom.s=http://www.Department9.University63.edu/GraduateStudent34,1
type,,type.o=http://swat.cse.lehigh.edu/onto/univ-bench.owl#Person,252562
teachingAssistantOf,,teachingAssistantOf.s=http://www.Department5.University23.edu/GraduateStudent77,1
publicationAuthor,,publicationAuthor.o=http://www.Department10.University23.edu/GraduateStudent100,4
memberOf,,memberOf.o=http://www.Department3.University18.edu,684
name,,name.s=http://www.Department17.University10.edu/FullProfessor2/Publication9,1
publicationAuthor,,publicationAuthor.o=http://www.Department12.University64.edu/GraduateStudent46,5
degreeFrom,,degreeFrom.o=http://www.University478.edu,458
member,,member.s=http://www.Department8.University77.edu,462
name,,name.o=UndergraduateStudent52,2007
name,,name.o=Publication6,53918
type,,type.o=http://swat.cse.lehigh.edu/onto/univ-bench.owl#UndergraduateStudent,795970
telephone,,telephone.s=http://www.Department20.University4.edu/GraduateStudent76,1
type,,type.o=http://swat.cse.lehigh.edu/onto/univ-bench.owl#Student,795970
type,,type.o=http://swat.cse.lehigh.edu/onto/univ-bench.owl#Publication,808741
type,,type.o=http://swat.cse.lehigh.edu/onto/univ-bench.owl#Faculty,72302
type,,type.s=http://www.Department13.University40.edu/GraduateStudent4,3
member,,member.s=http://www.Department0.University76.edu,572
emailAddress,,emailAddress.s=http://www.Department19.University80.edu/UndergraduateStudent326,1
member,,member.o=http://www.Department14.University79.edu/UndergraduateStudent341,1
memberOf,,memberOf.o=http://www.Department11.University2.edu,613
type,,type.o=http://swat.cse.lehigh.edu/onto/univ-bench.owl#Professor,60268
telephone,,telephone.s=http://www.Department13.University23.edu/AssistantProfessor1,1
type,,type.s=http://www.Department5.University18.edu/GraduateStudent70,3
researchInterest,,researchInterest.o=Research18,2028
type,,type.o=http://swat.cse.lehigh.edu/onto/univ-bench.owl#UndergraduateStudent,795970
type,,type.s=http://www.Department6.University51.edu/GraduateCourse44,3
type,,type.s=http://www.Department3.University91.edu/GraduateStudent44,3
takesCourse,,takesCourse.o=http://www.Department2.University81.edu/Course24,27
member,,member.o=http://www.Department9.University16.edu/GraduateStudent125,1
researchInterest,,researchInterest.o=Research20,2068
name,,name.o=UndergraduateStudent47,2007
undergraduateDegreeFrom,,undergraduateDegreeFrom.s=http://www.Department7.University47.edu/GraduateStudent109,1
type,,type.o=http://swat.cse.lehigh.edu/onto/univ-bench.owl#Student,795970
publicationAuthor,,publicationAuthor.o=http://www.Department21.University47.edu/FullProfessor4,19
memberOf,,memberOf.o=http://www.Department3.University48.edu,598
type,,type.s=http://www.Department4.University47.edu/AssociateProfessor2/Publication9,1
member,,member.o=http://www.Department12.University43.edu/GraduateStudent38,1
hasAlumnus,,hasAlumnus.o=http://www.Department14.University54.edu/AssistantProfessor8,3
undergraduateDegreeFrom,,undergraduateDegreeFrom.o=http://www.University111.edu,313
name,,name.o=UndergraduateStudent375,1185
publicationAuthor,,publicationAuthor.o=http://www.Department5.University85.edu/FullProfessor5,18
name,,name.s=http://www.Department14.University33.edu/AssociateProfessor0/Publication7,1
doctoralDegreeFrom,,doctoralDegreeFrom.o=http://www.University309.edu,76
type,,type.o=http://swat.cse.lehigh.edu/onto/univ-bench.owl#Student,795970
type,,type.o=http://swat.cse.lehigh.edu/onto/univ-bench.owl#Professor,60268
publicationAuthor,,publicationAuthor.o=http://www.Department2.University47.edu/GraduateStudent12,2
name,,name.s=http://www.Department1.University7.edu/AssociateProfessor2/Publication8,1
type,,type.o=http://swat.cse.lehigh.edu/onto/univ-bench.owl#GraduateStudent,252562
type,,type.o=http://swat.cse.lehigh.edu/onto/univ-bench.owl#UndergraduateStudent,795970
publicationAuthor,,publicationAuthor.o=http://www.Department14.University42.edu/FullProfessor8,16
name,,name.s=http://www.Department14.University48.edu/Lecturer4/Publication1,1
takesCourse,,takesCourse.s=http://www.Department7.University39.edu/UndergraduateStudent207,3
telephone,,telephone.o=xxx-xxx-xxxx,1120834
undergraduateDegreeFrom,,undergraduateDegreeFrom.o=http://www.University441.edu,321
memberOf,,memberOf.s=http://www.Department11.University69.edu/UndergraduateStudent66,1
memberOf,,memberOf.o=http://www.Department18.University76.edu,675
type,,type.o=http://swat.cse.lehigh.edu/onto/univ-bench.owl#UndergraduateStudent,795970
name,,name.s=http://www.Department1.University13.edu/FullProfessor2/Publication16,1
telephone,,telephone.s=http://www.Department6.University71.edu/UndergraduateStudent218,1
takesCourse,,takesCourse.s=http://www.Department9.University20.edu/GraduateStudent103,1
type,,type.o=http://swat.cse.lehigh.edu/onto/univ-bench.owl#ResearchAssistant,72927
undergraduateDegreeFrom,,undergraduateDegreeFrom.o=http://www.University985.edu,348
teacherOf,,teacherOf.o=http://www.Department20.University66.edu/GraduateCourse31,1
advisor,,advisor.s=http://www.Department7.University34.edu/GraduateStudent24,1
name,,name.o=Publication4,62350
memberOf,,memberOf.o=http://www.Department15.University74.edu,449
name,,name.o=GraduateStudent98,1989
emailAddress,,emailAddress.o=UndergraduateStudent424@Department11.University43.edu,1
telephone,,telephone.o=xxx-xxx-xxxx,1120834
name,,name.s=http://www.Department5.University65.edu/FullProfessor5/Publication6,1
takesCourse,,takesCourse.o=http://www.Department20.University74.edu/GraduateCourse34,6
type,,type.s=http://www.Department9.University88.edu/UndergraduateStudent268,2
emailAddress,,emailAddress.o=GraduateStudent79@Department3.University95.edu,1
subOrganizationOf,,subOrganizationOf.s=http://www.Department8.University94.edu/ResearchGroup8,2
member,,member.s=http://www.Department12.University50.edu,508
takesCourse,,takesCourse.s=http://www.Department15.University88.edu/UndergraduateStudent239,4
name,,name.o=Publication2,66353
subOrganizationOf,,subOrganizationOf.s=http://www.Department1.University92.edu/ResearchGroup3,2
name,,name.o=Publication18,5590
publicationAuthor,,publicationAuthor.o=http://www.Department12.University64.edu/GraduateStudent33,4
emailAddress,,emailAddress.s=http://www.Department16.University71.edu/UndergraduateStudent88,1
type,,type.o=http://swat.cse.lehigh.edu/onto/univ-bench.owl#Publication,808741
name,,name.o=Publication3,64343
publicationAuthor,,publicationAuthor.s=http://www.Department12.University97.edu/AssociateProfessor4/Publication10,2
hasAlumnus,,hasAlumnus.o=http://www.Department7.University7.edu/GraduateStudent29,1
member,,member.o=http://www.Department8.University63.edu/UndergraduateStudent248,1
type,,type.o=http://swat.cse.lehigh.edu/onto/univ-bench.owl#Organization,33043
takesCourse,,takesCourse.s=http://www.Department15.University17.edu/UndergraduateStudent122,3
takesCourse,,takesCourse.s=http://www.Department19.University74.edu/GraduateStudent46,3
type,,type.s=http://www.Department11.University64.edu/AssociateProfessor10/Publication0,1
telephone,,telephone.o=xxx-xxx-xxxx,1120834
memberOf,,memberOf.o=http://www.Department14.University37.edu,631
type,,type.s=http://www.Department7.University38.edu/AssociateProfessor0/Publication3,1
takesCourse,,takesCourse.s=http://www.Department4.University65.edu/UndergraduateStudent347,3
publicationAuthor,,publicationAuthor.o=http://www.Department0.University8.edu/AssistantProfessor4,10
type,,type.s=http://www.Department3.University4.edu/ResearchGroup13,2
type,,type.s=http://www.Department23.University19.edu/AssistantProfessor1/Publication1,1
publicationAuthor,,publicationAuthor.s=http://www.Department11.University46.edu/FullProfessor5/Publication1,2
hasAlumnus,,hasAlumnus.o=http://www.Department10.University67.edu/GraduateStudent113,1
takesCourse,,takesCourse.o=http://www.Department5.University94.edu/Course39,19
member,,member.s=http://www.Department13.University29.edu,586
takesCourse,,takesCourse.s=http://www.Department4.University50.edu/GraduateStudent62,3
type,,type.s=http://www.Department10.University61.edu/FullProfessor7/Publication18,1
type,,type.o=http://swat.cse.lehigh.edu/onto/univ-bench.owl#Student,795970
type,,type.o=http://swat.cse.lehigh.edu/onto/univ-bench.owl#Person,252562
name,,name.s=http://www.Department7.University18.edu/UndergraduateStudent215,1
takesCourse,,takesCourse.s=http://www.Department7.University99.edu/UndergraduateStudent401,4
takesCourse,,takesCourse.s=http://www.Department8.University55.edu/UndergraduateStudent217,3
memberOf,,memberOf.o=http://www.Department3.University79.edu,702
type,,type.s=http://www.Department18.University40.edu/AssistantProfessor5/Publication3,1
takesCourse,,takesCourse.s=http://www.Department1.University11.edu/GraduateStudent86,2
member,,member.o=http://www.Department22.University62.edu/UndergraduateStudent75,1
member,,member.o=http://www.Department14.University45.edu/UndergraduateStudent294,1
takesCourse,,takesCourse.s=http://www.Department0.University43.edu/UndergraduateStudent7,2
emailAddress,,emailAddress.s=http://www.Department16.University39.edu/GraduateStudent27,1
name,,name.o=Publication6,53918
undergraduateDegreeFrom,,undergraduateDegreeFrom.o=http://www.University658.edu,311
takesCourse,,takesCourse.o=http://www.Department14.University92.edu/Course33,23
takesCourse,,takesCourse.s=http://www.Department4.University65.edu/UndergraduateStudent107,4
takesCourse,,takesCourse.o=http://www.Department12.University74.edu/Course14,18
takesCourse,,takesCourse.s=http://www.Department0.University64.edu/UndergraduateStudent179,4
type,,type.o=http://swat.cse.lehigh.edu/onto/univ-bench.owl#GraduateStudent,252562
name,,name.s=http://www.Department8.University83.edu/UndergraduateStudent54,1
undergraduateDegreeFrom,,undergraduateDegreeFrom.s=http://www.Department13.University27.edu/AssistantProfessor4,1
emailAddress,,emailAddress.o=UndergraduateStudent27@Department11.University39.edu,1
member,,member.s=http://www.Department11.University90.edu,609
name,,name.s=http://www.Department1.University39.edu/UndergraduateStudent329,1
memberOf,,memberOf.s=http://www.Department12.University76.edu/UndergraduateStudent70,1
memberOf,,memberOf.s=http://www.Department5.University73.edu/UndergraduateStudent75,1
member,,member.o=http://www.Department10.University58.edu/GraduateStudent117,1
takesCourse,,takesCourse.s=http://www.Department14.University97.edu/UndergraduateStudent17,3
takesCourse,,takesCourse.s=http://www.Department18.University17.edu/UndergraduateStudent264,3
type,,type.s=http://www.Department7.University61.edu/UndergraduateStudent379,2
publicationAuthor,,publicationAuthor.s=http://www.Department4.University12.edu/AssociateProfessor9/Publication7,2
type,,type.s=http://www.Department0.University99.edu/UndergraduateStudent296,2
memberOf,,memberOf.s=http://www.Department7.University27.edu/UndergraduateStudent323,1
name,,name.o=GraduateStudent52,2007
name,,name.o=GraduateStudent42,2007
emailAddress,,emailAddress.s=http://www.Department9.University2.edu/UndergraduateStudent162,1
member,,member.s=http://www.Department23.University80.edu,618
member,,member.o=http://www.Department5.University74.edu/GraduateStudent32,1
takesCourse,,takesCourse.s=http://www.Department6.University20.edu/UndergraduateStudent5,3
takesCourse,,takesCourse.s=http://www.Department7.University25.edu/UndergraduateStudent342,2
takesCourse,,takesCourse.s=http://www.Department2.University23.edu/UndergraduateStudent361,3
takesCourse,,takesCourse.s=http://www.Department11.University32.edu/GraduateStudent15,3
emailAddress,,emailAddress.s=http://www.Department15.University26.edu/UndergraduateStudent123,1
type,,type.o=http://swat.cse.lehigh.edu/onto/univ-bench.owl#UndergraduateStudent,795970
name,,name.o=UndergraduateStudent247,2005
takesCourse,,takesCourse.s=http://www.Department21.University11.edu/GraduateStudent91,2
researchInterest,,researchInterest.o=Research21,2068
name,,name.s=http://www.Department2.University58.edu/AssociateProfessor4/Publication14,1
memberOf,,memberOf.s=http://www.Department18.University60.edu/UndergraduateStudent331,1
telephone,,telephone.o=xxx-xxx-xxxx,1120834
type,,type.s=http://www.Department3.University10.edu/AssociateProfessor7/Publication2,1
memberOf,,memberOf.s=http://www.Department4.University3.edu/UndergraduateStudent99,1
type,,type.s=http://www.Department9.University96.edu/GraduateStudent82,5
publicationAuthor,,publicationAuthor.o=http://www.Department17.University46.edu/FullProfessor7,15
type,,type.o=http://swat.cse.lehigh.edu/onto/univ-bench.owl#Person,252562
advisor,,advisor.o=http://www.Department15.University44.edu/AssistantProfessor8,10
memberOf,,memberOf.s=http://www.Department19.University17.edu/UndergraduateStudent219,1
member,,member.s=http://www.Department14.University12.edu,605
type,,type.s=http://www.Department2.University36.edu/GraduateCourse42,3
publicationAuthor,,publicationAuthor.s=http://www.Department11.University19.edu/AssociateProfessor4/Publication1,2
type,,type.o=http://swat.cse.lehigh.edu/onto/univ-bench.owl#GraduateStudent,252562
type,,type.o=http://swat.cse.lehigh.edu/onto/univ-bench.owl#GraduateStudent,252562
type,,type.s=http://www.Department13.University41.edu/UndergraduateStudent39,2
name,,name.s=http://www.Department6.University80.edu/Course40,1
memberOf,,memberOf.s=http://www.Department8.University11.edu/UndergraduateStudent163,1
type,,type.o=http://swat.cse.lehigh.edu/onto/univ-bench.owl#Student,795970
telephone,,telephone.s=http://www.Department14.University57.edu/UndergraduateStudent217,1
name,,name.s=http://www.Department21.University11.edu/AssociateProfessor6/Publication4,1
hasAlumnus,,hasAlumnus.s=http://www.University798.edu,472
takesCourse,,takesCourse.s=http://www.Department23.University92.edu/UndergraduateStudent210,3
type,,type.o=http://swat.cse.lehigh.edu/onto/univ-bench.owl#Person,252562
takesCourse,,takesCourse.s=http://www.Department6.University74.edu/UndergraduateStudent184,3
takesCourse,,takesCourse.o=http://www.Department14.University38.edu/Course27,24
degreeFrom,,degreeFrom.o=http://www.University706.edu,459
type,,type.o=http://swat.cse.lehigh.edu/onto/univ-bench.owl#Organization,33043
memberOf,,memberOf.o=http://www.Department17.University46.edu,527
publicationAuthor,,publicationAuthor.o=http://www.Department18.University11.edu/GraduateStudent54,4
type,,type.s=http://www.Department13.University68.edu/GraduateStudent47,4
member,,member.s=http://www.Department13.University55.edu,588
telephone,,telephone.s=http://www.Department0.University11.edu/UndergraduateStudent376,1
type,,type.o=http://swat.cse.lehigh.edu/onto/univ-bench.owl#UndergraduateStudent,795970
type,,type.s=http://www.Department9.University23.edu/UndergraduateStudent59,2
publicationAuthor,,publicationAuthor.s=http://www.Department12.University98.edu/AssociateProfessor2/Publication2,2
undergraduateDegreeFrom,,undergraduateDegreeFrom.o=http://www.University346.edu,322
memberOf,,memberOf.s=http://www.Department6.University49.edu/UndergraduateStudent378,1
member,,member.s=http://www.Department8.University87.edu,544
type,,type.o=http://swat.cse.lehigh.edu/onto/univ-bench.owl#Work,217148
publicationAuthor,,publicationAuthor.s=http://www.Department4.University45.edu/AssociateProfessor5/Publication12,3
telephone,,telephone.o=xxx-xxx-xxxx,1120834
teacherOf,,teacherOf.o=http://www.Department11.University45.edu/Course29,1
advisor,,advisor.o=http://www.Department8.University21.edu/AssistantProfessor0,7
type,,type.s=http://www.Department1.University16.edu/Course46,2
emailAddress,,emailAddress.o=UndergraduateStudent62@Department12.University92.edu,1
name,,name.o=Publication3,64343
member,,member.s=http://www.Department21.University91.edu,522
name,,name.o=Publication5,57124
publicationAuthor,,publicationAuthor.o=http://www.Department10.University59.edu/FullProfessor3,16
publicationAuthor,,publicationAuthor.o=http://www.Department14.University28.edu/GraduateStudent74,3
teachingAssistantOf,,teachingAssistantOf.o=http://www.Department11.University25.edu/Course5,1
name,,name.o=GraduateStudent117,1408
name,,name.o=UndergraduateStudent277,1971
name,,name.s=http://www.Department19.University9.edu/UndergraduateStudent99,1
type,,type.o=http://swat.cse.lehigh.edu/onto/univ-bench.owl#Publication,808741
takesCourse,,takesCourse.s=http://www.Department18.University61.edu/UndergraduateStudent19,3
memberOf,,memberOf.o=http://www.Department9.University5.edu,562
type,,type.s=http://www.Department23.University26.edu/UndergraduateStudent218,2
telephone,,telephone.o=xxx-xxx-xxxx,1120834
type,,type.s=http://www.Department5.University5.edu/UndergraduateStudent109,2
undergraduateDegreeFrom,,undergraduateDegreeFrom.o=http://www.University937.edu,300
name,,name.o=GraduateStudent20,2007
member,,member.o=http://www.Department18.University29.edu/UndergraduateStudent215,1
name,,name.o=UndergraduateStudent148,2007
hasAlumnus,,hasAlumnus.s=http://www.University885.edu,461
type,,type.o=http://swat.cse.lehigh.edu/onto/univ-bench.owl#GraduateStudent,252562
name,,name.s=http://www.Department16.University85.edu/UndergraduateStudent79,1
type,,type.s=http://www.Department9.University58.edu/UndergraduateStudent191,2
telephone,,telephone.o=xxx-xxx-xxxx,1120834
type,,type.s=http://www.Department21.University66.edu/UndergraduateStudent128,2
type,,type.s=http://www.Department5.University68.edu/GraduateStudent125,4
type,,type.o=http://swat.cse.lehigh.edu/onto/univ-bench.owl#TeachingAssistant,55994
emailAddress,,emailAddress.o=UndergraduateStudent122@Department9.University29.edu,1
publicationAuthor,,publicationAuthor.s=http://www.Department12.University30.edu/AssociateProfessor0/Publication8,2
type,,type.o=http://swat.cse.lehigh.edu/onto/univ-bench.owl#Publication,808741
takesCourse,,takesCourse.s=http://www.Department16.University99.edu/UndergraduateStudent337,3
type,,type.s=http://www.Department3.University63.edu/Course7,2
name,,name.s=http://www.Department13.University37.edu/AssistantProfessor2/Publication0,1
publicationAuthor,,publicationAuthor.o=http://www.Department10.University41.edu/AssistantProfessor8,6
degreeFrom,,degreeFrom.s=http://www.Department12.University64.edu/Lecturer4,3
hasAlumnus,,hasAlumnus.s=http://www.University63.edu,507
takesCourse,,takesCourse.s=http://www.Department11.University2.edu/UndergraduateStudent5,4
type,,type.o=http://swat.cse.lehigh.edu/onto/univ-bench.owl#GraduateStudent,252562
type,,type.s=http://www.Department7.University54.edu/UndergraduateStudent200,2
type,,type.s=http://www.Department13.University24.edu/UndergraduateStudent213,2
type,,type.s=http://www.Department24.University41.edu/FullProfessor2/Publication6,1
name,,name.s=http://www.Department13.University75.edu/AssistantProfessor3/Publication3,1
emailAddress,,emailAddress.o=UndergraduateStudent224@Department10.University89.edu,1
emailAddress,,emailAddress.s=http://www.Department6.University69.edu/UndergraduateStudent279,1
memberOf,,memberOf.s=http://www.Department6.University2.edu/UndergraduateStudent321,1
type,,type.s=http://www.Department9.University78.edu/UndergraduateStudent272,2
telephone,,telephone.o=xxx-xxx-xxxx,1120834
takesCourse,,takesCourse.s=http://www.Department0.University55.edu/UndergraduateStudent216,2
hasAlumnus,,hasAlumnus.s=http://www.University624.edu,480
telephone,,telephone.s=http://www.Department17.University26.edu/UndergraduateStudent405,1
name,,name.o=Publication0,70299
worksFor,,worksFor.o=http://www.Department3.University84.edu,36
telephone,,telephone.s=http://www.Department23.University65.edu/Lecturer1,1
takesCourse,,takesCourse.o=http://www.Department5.University22.edu/Course41,36
takesCourse,,takesCourse.s=http://www.Department17.University1.edu/UndergraduateStudent341,3
advisor,,advisor.o=http://www.Department0.University15.edu/AssociateProfessor6,3
takesCourse,,takesCourse.s=http://www.Department20.University35.edu/UndergraduateStudent149,4
type,,type.s=http://www.Department2.University30.edu/AssociateProfessor7/Publication5,1
telephone,,telephone.s=http://www.Department0.University16.edu/UndergraduateStudent141,1
type,,type.o=http://swat.cse.lehigh.edu/onto/univ-bench.owl#Publication,808741
subOrganizationOf,,subOrganizationOf.o=http://www.University2.edu,264
type,,type.o=http://swat.cse.lehigh.edu/onto/univ-bench.owl#Publication,808741
takesCourse,,takesCourse.o=http://www.Department9.University25.edu/Course20,25
takesCourse,,takesCourse.s=http://www.Department11.University12.edu/UndergraduateStudent256,2
name,,name.s=http://www.Department16.University60.edu/UndergraduateStudent299,1
memberOf,,memberOf.o=http://www.Department8.University17.edu,510
emailAddress,,emailAddress.o=AssociateProfessor1@Department13.University35.edu,1
name,,name.o=UndergraduateStudent98,2007
takesCourse,,takesCourse.s=http://www.Department14.University50.edu/UndergraduateStudent144,2
type,,type.s=http://www.Department21.University56.edu/FullProfessor3/Publication6,1
memberOf,,memberOf.o=http://www.Department9.University22.edu,573
worksFor,,worksFor.o=http://www.Department1.University55.edu,36
memberOf,,memberOf.o=http://www.Department0.University41.edu,688
teacherOf,,teacherOf.o=http://www.Department12.University85.edu/GraduateCourse38,1
telephone,,telephone.o=xxx-xxx-xxxx,1120834
telephone,,telephone.s=http://www.Department13.University65.edu/UndergraduateStudent238,1
takesCourse,,takesCourse.s=http://www.Department11.University75.edu/UndergraduateStudent361,3
memberOf,,memberOf.s=http://www.Department6.University90.edu/UndergraduateStudent148,1
takesCourse,,takesCourse.o=http://www.Department11.University29.edu/GraduateCourse49,4
type,,type.s=http://www.Department9.University26.edu/UndergraduateStudent263,2
publicationAuthor,,publicationAuthor.o=http://www.Department13.University34.edu/AssistantProfessor4,7
emailAddress,,emailAddress.o=GraduateStudent116@Department11.University72.edu,1
takesCourse,,takesCourse.o=http://www.Department0.University47.edu/GraduateCourse25,7
advisor,,advisor.o=http://www.Department9.University56.edu/FullProfessor2,11
telephone,,telephone.o=xxx-xxx-xxxx,1120834
emailAddress,,emailAddress.s=http://www.Department22.University72.edu/UndergraduateStudent65,1
type,,type.o=http://swat.cse.lehigh.edu/onto/univ-bench.owl#Student,795970
takesCourse,,takesCourse.o=http://www.Department8.University7.edu/GraduateCourse41,4
type,,type.o=http://swat.cse.lehigh.edu/onto/univ-bench.owl#Course,217148
hasAlumnus,,hasAlumnus.s=http://www.University693.edu,472
name,,name.s=http://www.Department16.University59.edu/FullProfessor5/Publication4,1
takesCourse,,takesCourse.s=http://www.Department6.University91.edu/UndergraduateStudent468,4
telephone,,telephone.o=xxx-xxx-xxxx,1120834
type,,type.o=http://swat.cse.lehigh.edu/onto/univ-bench.owl#Publication,808741
type,,type.o=http://swat.cse.lehigh.edu/onto/univ-bench.owl#GraduateStudent,252562
name,,name.o=UndergraduateStudent357,1342
publicationAuthor,,publicationAuthor.s=http://www.Department11.University51.edu/FullProfessor0/Publication8,2
memberOf,,memberOf.s=http://www.Department11.University63.edu/UndergraduateStudent217,1
member,,member.o=http://www.Department9.University20.edu/UndergraduateStudent14,1
telephone,,telephone.s=http://www.Department14.University15.edu/UndergraduateStudent373,1
degreeFrom,,degreeFrom.s=http://www.Department16.University30.edu/Lecturer1,3
takesCourse,,takesCourse.s=http://www.Department7.University52.edu/GraduateStudent39,3
member,,member.o=http://www.Department9.University21.edu/GraduateStudent102,1
name,,name.s=http://www.Department6.University70.edu/UndergraduateStudent103,1
degreeFrom,,degreeFrom.s=http://www.Department6.University70.edu/GraduateStudent40,1
memberOf,,memberOf.s=http://www.Department14.University5.edu/UndergraduateStudent1,1
takesCourse,,takesCourse.o=http://www.Department15.University53.edu/Course46,30
emailAddress,,emailAddress.s=http://www.Department2.University38.edu/UndergraduateStudent51,1
takesCourse,,takesCourse.o=http://www.Department1.University77.edu/Course13,18
emailAddress,,emailAddress.o=UndergraduateStudent241@Department15.University7.edu,1
type,,type.s=http://www.Department14.University98.edu/UndergraduateStudent140,2
type,,type.s=http://www.Department3.University67.edu/Course19,2
type,,type.s=http://www.Department12.University2.edu/GraduateStudent109,4
takesCourse,,takesCourse.o=http://www.Department7.University6.edu/Course10,25
type,,type.o=http://swat.cse.lehigh.edu/onto/univ-bench.owl#Student,795970
memberOf,,memberOf.o=http://www.Department17.University94.edu,712
takesCourse,,takesCourse.o=http://www.Department17.University40.edu/Course38,22
takesCourse,,takesCourse.s=http://www.Department6.University35.edu/UndergraduateStudent363,4
publicationAuthor,,publicationAuthor.o=http://www.Department0.University13.edu/AssociateProfessor3,16
publicationAuthor,,publicationAuthor.o=http://www.Department13.University73.edu/GraduateStudent37,5
type,,type.o=http://swat.cse.lehigh.edu/onto/univ-bench.owl#UndergraduateStudent,795970
telephone,,telephone.o=xxx-xxx-xxxx,1120834
member,,member.o=http://www.Department11.University91.edu/GraduateStudent8,1
type,,type.s=http://www.Department8.University12.edu/AssociateProfessor1/Publication5,1
teachingAssistantOf,,teachingAssistantOf.o=http://www.Department14.University45.edu/Course43,1
emailAddress,,emailAddress.s=http://www.Department3.University47.edu/GraduateStudent134,1
takesCourse,,takesCourse.o=http://www.Department9.University19.edu/GraduateCourse21,8
publicationAuthor,,publicationAuthor.o=http://www.Department0.University86.edu/GraduateStudent82,5
type,,type.s=http://www.Department18.University13.edu/UndergraduateStudent302,2
advisor,,advisor.s=http://www.Department22.University92.edu/GraduateStudent62,1
name,,name.s=http://www.Department5.University42.edu/UndergraduateStudent350,1
type,,type.s=http://www.Department6.University65.edu/UndergraduateStudent116,2
type,,type.s=http://www.Department2.University32.edu/UndergraduateStudent70,2
advisor,,advisor.o=http://www.Department24.University41.edu/AssistantProfessor2,10
advisor,,advisor.o=http://www.Department14.University4.edu/AssistantProfessor8,6
type,,type.s=http://www.Department19.University17.edu/GraduateStudent33,4
takesCourse,,takesCourse.o=http://www.Department11.University26.edu/GraduateCourse34,6
telephone,,telephone.s=http://www.Department2.University63.edu/AssociateProfessor10,1
takesCourse,,takesCourse.o=http://www.Department3.University33.edu/Course23,21
takesCourse,,takesCourse.o=http://www.Department10.University89.edu/Course62,24
publicationAuthor,,publicationAuthor.s=http://www.Department10.University92.edu/AssociateProfessor9/Publication0,2
telephone,,telephone.o=xxx-xxx-xxxx,1120834
takesCourse,,takesCourse.o=http://www.Department16.University80.edu/Course54,27
publicationAuthor,,publicationAuthor.o=http://www.Department8.University59.edu/AssociateProfessor0,13
type,,type.s=http://www.Department19.University23.edu/GraduateStudent79,3
advisor,,advisor.o=http://www.Department5.University9.edu/AssociateProfessor2,7
undergraduateDegreeFrom,,undergraduateDegreeFrom.o=http://www.University341.edu,334
mastersDegreeFrom,,mastersDegreeFrom.s=http://www.Department11.University67.edu/Lecturer1,1
memberOf,,memberOf.s=http://www.Department2.University10.edu/UndergraduateStudent329,1
type,,type.s=http://www.Department3.University31.edu/GraduateCourse19,3
degreeFrom,,degreeFrom.o=http://www.University332.edu,473
name,,name.o=Publication4,62350
publicationAuthor,,publicationAuthor.o=http://www.Department2.University45.edu/AssociateProfessor8,17
type,,type.o=http://swat.cse.lehigh.edu/onto/univ-bench.owl#UndergraduateStudent,795970
type,,type.o=http://swat.cse.lehigh.edu/onto/univ-bench.owl#UndergraduateStudent,795970
emailAddress,,emailAddress.o=UndergraduateStudent15@Department19.University92.edu,1
type,,type.o=http://swat.cse.lehigh.edu/onto/univ-bench.owl#Work,217148
type,,type.o=http://swat.cse.lehigh.edu/onto/univ-bench.owl#Student,795970
type,,type.o=http://swat.cse.lehigh.edu/onto/univ-bench.owl#Faculty,72302
telephone,,telephone.s=http://www.Department13.University3.edu/UndergraduateStudent105,1
member,,member.o=http://www.Department7.University42.edu/UndergraduateStudent360,1
type,,type.s=http://www.Department18.University50.edu/UndergraduateStudent152,2
subOrganizationOf,,subOrganizationOf.o=http://www.University89.edu,315
name,,name.o=UndergraduateStudent227,2007
publicationAuthor,,publicationAuthor.s=http://www.Department14.University29.edu/FullProfessor4/Publication5,1
publicationAuthor,,publicationAuthor.o=http://www.Department10.University77.edu/GraduateStudent16,5
takesCourse,,takesCourse.o=http://www.Department10.University97.edu/Course44,33
memberOf,,memberOf.s=http://www.Department10.University11.edu/GraduateStudent34,1
hasAlumnus,,hasAlumnus.o=http://www.Department1.University47.edu/GraduateStudent79,1
mastersDegreeFrom,,mastersDegreeFrom.o=http://www.University105.edu,79
publicationAuthor,,publicationAuthor.s=http://www.Department11.University67.edu/Lecturer0/Publication2,1
takesCourse,,takesCourse.s=http://www.Department1.University98.edu/UndergraduateStudent141,2
memberOf,,memberOf.o=http://www.Department16.University78.edu,466
takesCourse,,takesCourse.o=http://www.Department13.University93.edu/GraduateCourse29,2
advisor,,advisor.s=http://www.Department23.University26.edu/GraduateStudent68,1
type,,type.s=http://www.Department17.University85.edu/GraduateStudent87,4
name,,name.o=Publication8,47518
type,,type.s=http://www.Department4.University44.edu/UndergraduateStudent192,2
member,,member.o=http://www.Department20.University3.edu/UndergraduateStudent104,1
takesCourse,,takesCourse.o=http://www.Department5.University88.edu/Course9,39
emailAddress,,emailAddress.s=http://www.Department13.University11.edu/UndergraduateStudent230,1
member,,member.s=http://www.Department2.University96.edu,705
type,,type.s=http://www.Department11.University34.edu/GraduateStudent74,4
takesCourse,,takesCourse.s=http://www.Department9.University82.edu/UndergraduateStudent317,4
type,,type.s=http://www.Department6.University84.edu/UndergraduateStudent7,2
type,,type.s=http://www.Department2.University19.edu/UndergraduateStudent282,2
degreeFrom,,degreeFrom.s=http://www.Department1.University92.edu/AssociateProfessor1,3
type,,type.o=http://swat.cse.lehigh.edu/onto/univ-bench.owl#Student,795970
publicationAuthor,,publicationAuthor.s=http://www.Department14.University38.edu/FullProfessor0/Publication6,4
member,,member.s=http://www.Department20.University50.edu,613
advisor,,advisor.s=http://www.Department11.University7.edu/GraduateStudent66,1
name,,name.s=http://www.Department2.University85.edu/UndergraduateStudent276,1
memberOf,,memberOf.o=http://www.Department6.University76.edu,675
type,,type.o=http://swat.cse.lehigh.edu/onto/univ-bench.owl#GraduateStudent,252562
takesCourse,,takesCourse.o=http://www.Department7.University89.edu/GraduateCourse12,5
takesCourse,,takesCourse.s=http://www.Department11.University58.edu/UndergraduateStudent253,3
takesCourse,,takesCourse.o=http://www.Department17.University72.edu/Course25,25
takesCourse,,takesCourse.o=http://www.Department6.University92.edu/Course18,23
type,,type.o=http://swat.cse.lehigh.edu/onto/univ-bench.owl#Faculty,72302
telephone,,telephone.o=xxx-xxx-xxxx,1120834
emailAddress,,emailAddress.s=http://www.Department17.University99.edu/UndergraduateStudent384,1
name,,name.s=http://www.Department16.University18.edu/AssistantProfessor1/Publication9,1
name,,name.s=http://www.Department23.University65.edu/GraduateStudent114,1
doctoralDegreeFrom,,doctoralDegreeFrom.s=http://www.Department13.University75.edu/Lecturer2,1
publicationAuthor,,publicationAuthor.s=http://www.Department11.University23.edu/FullProfessor4/Publication1,2
member,,member.s=http://www.Department12.University44.edu,463
takesCourse,,takesCourse.o=http://www.Department14.University21.edu/GraduateCourse37,8
telephone,,telephone.o=xxx-xxx-xxxx,1120834
telephone,,telephone.o=xxx-xxx-xxxx,1120834
memberOf,,memberOf.s=http://www.Department5.University91.edu/UndergraduateStudent122,1
type,,type.o=http://swat.cse.lehigh.edu/onto/univ-bench.owl#Course,217148
name,,name.o=Course25,2007
emailAddress,,emailAddress.o=GraduateStudent25@Department2.University35.edu,1
type,,type.s=http://www.Department4.University87.edu/FullProfessor6,4
member,,member.s=http://www.Department4.University52.edu,538
name,,name.s=http://www.Department3.University34.edu/UndergraduateStudent192,1
takesCourse,,takesCourse.s=http://www.Department18.University78.edu/UndergraduateStudent429,2
type,,type.o=http://swat.cse.lehigh.edu/onto/univ-bench.owl#Person,252562
takesCourse,,takesCourse.s=http://www.Department19.University19.edu/UndergraduateStudent306,3
takesCourse,,takesCourse.o=http://www.Department17.University1.edu/Course1,25
telephone,,telephone.s=http://www.Department2.University18.edu/UndergraduateStudent347,1
memberOf,,memberOf.s=http://www.Department2.University39.edu/UndergraduateStudent49,1
member,,member.o=http://www.Department13.University8.edu/GraduateStudent30,1
takesCourse,,takesCourse.s=http://www.Department11.University58.edu/UndergraduateStudent164,3
takesCourse,,takesCourse.s=http://www.Department5.University28.edu/GraduateStudent98,3
publicationAuthor,,publicationAuthor.s=http://www.Department1.University85.edu/AssistantProfessor6/Publication9,4
publicationAuthor,,publicationAuthor.s=http://www.Department18.University60.edu/AssociateProfessor9/Publication9,1
type,,type.s=http://www.Department18.University21.edu/AssistantProfessor6/Publication2,1
member,,member.s=http://www.Department7.University28.edu,496
type,,type.o=http://swat.cse.lehigh.edu/onto/univ-bench.owl#GraduateStudent,252562
hasAlumnus,,hasAlumnus.o=http://www.Department18.University10.edu/Lecturer1,3
degreeFrom,,degreeFrom.s=http://www.Department6.University98.edu/GraduateStudent26,1
type,,type.s=http://www.Department2.University66.edu/UndergraduateStudent116,2
name,,name.s=http://www.Department13.University21.edu/GraduateStudent110,1
takesCourse,,takesCourse.o=http://www.Department20.University50.edu/Course23,21
subOrganizationOf,,subOrganizationOf.o=http://www.University77.edu,409
memberOf,,memberOf.s=http://www.Department10.University26.edu/AssistantProfessor10,1
memberOf,,memberOf.s=http://www.Department24.University41.edu/GraduateStudent55,1
takesCourse,,takesCourse.s=http://www.Department12.University19.edu/UndergraduateStudent15,4
memberOf,,memberOf.s=http://www.Department19.University71.edu/UndergraduateStudent330,1
publicationAuthor,,publicationAuthor.o=http://www.Department7.University56.edu/FullProfessor6,17
undergraduateDegreeFrom,,undergraduateDegreeFrom.o=http://www.University802.edu,350
takesCourse,,takesCourse.s=http://www.Department1.University94.edu/UndergraduateStudent185,3
degreeFrom,,degreeFrom.o=http://www.University251.edu,439
name,,name.o=Course43,1989
takesCourse,,takesCourse.s=http://www.Department8.University7.edu/UndergraduateStudent153,2
telephone,,telephone.s=http://www.Department0.University54.edu/GraduateStudent2,1
telephone,,telephone.s=http://www.Department11.University45.edu/UndergraduateStudent378,1
takesCourse,,takesCourse.s=http://www.Department7.University24.edu/UndergraduateStudent337,2
name,,name.s=http://www.Department15.University84.edu/AssociateProfessor6/Publication7,1
type,,type.o=http://swat.cse.lehigh.edu/onto/univ-bench.owl#Student,795970
takesCourse,,takesCourse.s=http://www.Department5.University70.edu/UndergraduateStudent208,2
type,,type.s=http://www.Department7.University88.edu/FullProfessor6/Publication8,1
type,,type.o=http://swat.cse.lehigh.edu/onto/univ-bench.owl#GraduateStudent,252562
name,,name.o=AssociateProfessor3,2007
takesCourse,,takesCourse.s=http://www.Department7.University61.edu/GraduateStudent35,3
publicationAuthor,,publicationAuthor.s=http://www.Department16.University15.edu/AssociateProfessor4/Publication11,3
undergraduateDegreeFrom,,undergraduateDegreeFrom.s=http://www.Department1.University88.edu/AssociateProfessor0,1
type,,type.o=http://swat.cse.lehigh.edu/onto/univ-bench.owl#Work,217148
degreeFrom,,degreeFrom.o=http://www.University701.edu,453
emailAddress,,emailAddress.s=http://www.Department0.University72.edu/UndergraduateStudent266,1
name,,name.o=UndergraduateStudent224,2007
publicationAuthor,,publicationAuthor.s=http://www.Department15.University17.edu/AssociateProfessor2/Publication3,1
emailAddress,,emailAddress.s=http://www.Department1.University22.edu/UndergraduateStudent89,1
takesCourse,,takesCourse.o=http://www.Department21.University94.edu/GraduateCourse40,7
publicationAuthor,,publicationAuthor.s=http://www.Department6.University24.edu/AssociateProfessor11/Publication7,5
advisor,,advisor.s=http://www.Department3.University47.edu/GraduateStudent135,1
publicationAuthor,,publicationAuthor.s=http://www.Department6.University87.edu/AssistantProfessor4/Publication3,5
type,,type.s=http://www.Department11.University19.edu/GraduateStudent78,3
advisor,,advisor.s=http://www.Department9.University44.edu/GraduateStudent32,1
publicationAuthor,,publicationAuthor.s=http://www.Department15.University45.edu/AssociateProfessor8/Publication10,2
type,,type.s=http://www.Department9.University1.edu/UndergraduateStudent70,2
publicationAuthor,,publicationAuthor.o=http://www.Department9.University3.edu/AssociateProfessor6,17
type,,type.s=http://www.Department9.University31.edu/FullProfessor3/Publication1,1
type,,type.s=http://www.Department1.University90.edu/UndergraduateStudent226,2
name,,name.o=UndergraduateStudent226,2007
publicationAuthor,,publicationAuthor.s=http://www.Department9.University7.edu/FullProfessor7/Publication9,1
type,,type.o=http://swat.cse.lehigh.edu/onto/univ-bench.owl#Person,252562
advisor,,advisor.o=http://www.Department14.University16.edu/AssociateProfessor5,4
publicationAuthor,,publicationAuthor.s=http://www.Department9.University72.edu/AssociateProfessor9/Publication8,2
takesCourse,,takesCourse.s=http://www.Department21.University29.edu/UndergraduateStudent62,4
worksFor,,worksFor.s=http://www.Department9.University37.edu/Lecturer6,1
member,,member.o=http://www.Department1.University27.edu/UndergraduateStudent52,1
type,,type.s=http://www.Department4.University4.edu/FullProfessor6/Publication8,1
type,,type.o=http://swat.cse.lehigh.edu/onto/univ-bench.owl#Publication,808741
degreeFrom,,degreeFrom.s=http://www.Department8.University37.edu/Lecturer0,3
takesCourse,,takesCourse.o=http://www.Department14.University37.edu/Course40,27
type,,type.s=http://www.Department7.University13.edu/Course26,2
type,,type.o=http://swat.cse.lehigh.edu/onto/univ-bench.owl#Organization,33043
memberOf,,memberOf.o=http://www.Department16.University86.edu,579
degreeFrom,,degreeFrom.s=http://www.Department14.University30.edu/GraduateStudent132,1
publicationAuthor,,publicationAuthor.s=http://www.Department16.University22.edu/FullProfessor4/Publication14,2
takesCourse,,takesCourse.o=http://www.Department11.University55.edu/Course8,25
takesCourse,,takesCourse.s=http://www.Department8.University45.edu/GraduateStudent42,2
type,,type.o=http://swat.cse.lehigh.edu/onto/univ-bench.owl#Student,795970
name,,name.o=Publication8,47518
advisor,,advisor.o=http://www.Department10.University24.edu/FullProfessor5,8
type,,type.o=http://swat.cse.lehigh.edu/onto/univ-bench.owl#GraduateCourse,108514
emailAddress,,emailAddress.s=http://www.Department15.University47.edu/GraduateStudent118,1
name,,name.o=Publication9,44371
takesCourse,,takesCourse.s=http://www.Department10.University8.edu/UndergraduateStudent388,4
publicationAuthor,,publicationAuthor.o=http://www.Department13.University90.edu/AssociateProfessor5,18
publicationAuthor,,publicationAuthor.s=http://www.Department6.University10.edu/FullProfessor0/Publication1,3
type,,type.o=http://swat.cse.lehigh.edu/onto/univ-bench.owl#Publication,808741
name,,name.o=UndergraduateStudent327,1615
name,,name.s=http://www.Department19.University84.edu/GraduateStudent118,1
degreeFrom,,degreeFrom.s=http://www.Department1.University66.edu/AssociateProfessor5,3
name,,name.s=http://www.Department0.University67.edu/UndergraduateStudent357,1
takesCourse,,takesCourse.o=http://www.Department12.University61.edu/Course42,15
memberOf,,memberOf.o=http://www.Department3.University7.edu,513
advisor,,advisor.o=http://www.Department0.University0.edu/AssociateProfessor3,9
takesCourse,,takesCourse.s=http://www.Department8.University96.edu/GraduateStudent57,3
type,,type.o=http://swat.cse.lehigh.edu/onto/univ-bench.owl#Student,795970
type,,type.s=http://www.Department13.University89.edu/AssociateProfessor12/Publication15,1
publicationAuthor,,publicationAuthor.o=http://www.Department11.University19.edu/GraduateStudent28,5
memberOf,,memberOf.s=http://www.Department6.University28.edu/UndergraduateStudent241,1
type,,type.o=http://swat.cse.lehigh.edu/onto/univ-bench.owl#Organization,33043
takesCourse,,takesCourse.s=http://www.Department12.University96.edu/UndergraduateStudent240,4
type,,type.s=http://www.Department2.University67.edu/UndergraduateStudent276,2
researchInterest,,researchInterest.o=Research3,1992
takesCourse,,takesCourse.o=http://www.Department5.University23.edu/Course44,33
publicationAuthor,,publicationAuthor.o=http://www.Department6.University69.edu/AssociateProfessor3,15
takesCourse,,takesCourse.o=http://www.Department10.University61.edu/Course19,25
name,,name.s=http://www.Department19.University11.edu/AssistantProfessor1/Publication1,1
emailAddress,,emailAddress.o=UndergraduateStudent228@Department1.University7.edu,1
name,,name.s=http://www.Department6.University43.edu/UndergraduateStudent65,1
name,,name.s=http://www.Department6.University68.edu/GraduateStudent53,1
memberOf,,memberOf.s=http://www.Department3.University94.edu/UndergraduateStudent214,1
publicationAuthor,,publicationAuthor.o=http://www.Department8.University64.edu/AssociateProfessor7,13
publicationAuthor,,publicationAuthor.o=http://www.Department8.University24.edu/GraduateStudent51,2
member,,member.s=http://www.Department4.University37.edu,706
type,,type.s=http://www.Department4.University9.edu/GraduateStudent73,5
publicationAuthor,,publicationAuthor.o=http://www.Department16.University7.edu/FullProfessor3,15
takesCourse,,takesCourse.s=http://www.Department4.University82.edu/UndergraduateStudent363,2
emailAddress,,emailAddress.o=UndergraduateStudent30@Department4.University23.edu,1
name,,name.o=GraduateStudent10,2007
name,,name.s=http://www.Department15.University77.edu/Course13,1
name,,name.s=http://www.Department2.University98.edu/UndergraduateStudent156,1
member,,member.s=http://www.Department0.University24.edu,470
type,,type.s=http://www.Department3.University38.edu/GraduateStudent81,3
emailAddress,,emailAddress.s=http://www.Department6.University62.edu/GraduateStudent49,1
type,,type.o=http://swat.cse.lehigh.edu/onto/univ-bench.owl#Student,795970
type,,type.o=http://swat.cse.lehigh.edu/onto/univ-bench.owl#Work,217148
telephone,,telephone.s=http://www.Department12.University17.edu/UndergraduateStudent359,1
type,,type.s=http://www.Department17.University34.edu/UndergraduateStudent70,2
telephone,,telephone.o=xxx-xxx-xxxx,1120834
type,,type.o=http://swat.cse.lehigh.edu/onto/univ-bench.owl#UndergraduateStudent,795970
doctoralDegreeFrom,,doctoralDegreeFrom.o=http://www.University773.edu,84
type,,type.s=http://www.Department18.University18.edu/AssistantProfessor5,4
hasAlumnus,,hasAlumnus.o=http://www.Department20.University42.edu/FullProfessor6,3
advisor,,advisor.o=http://www.Department14.University72.edu/AssociateProfessor11,6
telephone,,telephone.o=xxx-xxx-xxxx,1120834
telephone,,telephone.s=http://www.Department16.University10.edu/UndergraduateStudent27,1
takesCourse,,takesCourse.o=http://www.Department13.University50.edu/Course6,25
memberOf,,memberOf.s=http://www.Department21.University91.edu/UndergraduateStudent279,1
telephone,,telephone.o=xxx-xxx-xxxx,1120834
type,,type.o=http://swat.cse.lehigh.edu/onto/univ-bench.owl#Employee,72302
memberOf,,memberOf.s=http://www.Department7.University63.edu/UndergraduateStudent117,1
type,,type.s=http://www.Department7.University7.edu/GraduateStudent63,3
type,,type.s=http://www.Department19.University78.edu/UndergraduateStudent252,2
memberOf,,memberOf.o=http://www.Department18.University69.edu,659
takesCourse,,takesCourse.o=http://www.Department19.University59.edu/GraduateCourse2,7
takesCourse,,takesCourse.o=http://www.Department8.University21.edu/Course10,20
takesCourse,,takesCourse.o=http://www.Department17.University52.edu/Course38,32
takesCourse,,takesCourse.o=http://www.Department17.University70.edu/Course15,16
memberOf,,memberOf.s=http://www.Department10.University42.edu/UndergraduateStudent301,1
memberOf,,memberOf.o=http://www.Department0.University59.edu,550
type,,type.s=http://www.Department11.University33.edu/GraduateCourse35,3
type,,type.s=http://www.Department6.University10.edu/UndergraduateStudent195,2
type,,type.s=http://www.Department0.University74.edu/Lecturer3/Publication2,1
name,,name.o=Publication11,35679
member,,member.o=http://www.Department5.University58.edu/UndergraduateStudent37,1
type,,type.s=http://www.Department13.University2.edu/GraduateCourse30,3
takesCourse,,takesCourse.o=http://www.Department18.University83.edu/Course31,24
telephone,,telephone.s=http://www.Department5.University26.edu/UndergraduateStudent212,1
takesCourse,,takesCourse.s=http://www.Department15.University62.edu/GraduateStudent4,3
type,,type.o=http://swat.cse.lehigh.edu/onto/univ-bench.owl#UndergraduateStudent,795970
publicationAuthor,,publicationAuthor.s=http://www.Department5.University32.edu/AssociateProfessor2/Publication17,2
takesCourse,,takesCourse.o=http://www.Department12.University7.edu/Course2,21
type,,type.s=http://www.Department18.University40.edu/UndergraduateStudent354,2
memberOf,,memberOf.s=http://www.Department0.University73.edu/GraduateStudent69,1
takesCourse,,takesCourse.o=http://www.Department14.University98.edu/Course20,30
takesCourse,,takesCourse.o=http://www.Department2.University89.edu/Course18,35
type,,type.o=http://swat.cse.lehigh.edu/onto/univ-bench.owl#Student,795970
type,,type.s=http://www.Department21.University33.edu/GraduateCourse21,3
name,,name.o=UndergraduateStudent205,2007
publicationAuthor,,publicationAuthor.s=http://www.Department14.University30.edu/AssistantProfessor3/Publication8,3
memberOf,,memberOf.o=http://www.Department6.University35.edu,580
telephone,,telephone.s=http://www.Department7.University63.edu/UndergraduateStudent217,1
takesCourse,,takesCourse.s=http://www.Department6.University3.edu/UndergraduateStudent249,3
publicationAuthor,,publicationAuthor.o=http://www.Department17.University26.edu/GraduateStudent77,3
member,,member.s=http://www.Department0.University45.edu,652
undergraduateDegreeFrom,,undergraduateDegreeFrom.s=http://www.Department8.University2.edu/GraduateStudent66,1
type,,type.o=http://swat.cse.lehigh.edu/onto/univ-bench.owl#UndergraduateStudent,795970
type,,type.o=http://swat.cse.lehigh.edu/onto/univ-bench.owl#GraduateStudent,252562
telephone,,telephone.s=http://www.Department8.University68.edu/UndergraduateStudent229,1
advisor,,advisor.o=http://www.Department13.University4.edu/AssistantProfessor8,7
emailAddress,,emailAddress.o=UndergraduateStudent331@Department15.University81.edu,1
type,,type.s=http://www.Department1.University38.edu/GraduateStudent47,5
type,,type.o=http://swat.cse.lehigh.edu/onto/univ-bench.owl#UndergraduateStudent,795970
undergraduateDegreeFrom,,undergraduateDegreeFrom.o=http://www.University844.edu,333
name,,name.s=http://www.Department0.University41.edu/UndergraduateStudent157,1
degreeFrom,,degreeFrom.s=http://www.Department8.University15.edu/GraduateStudent11,1
name,,name.s=http://www.Department15.University48.edu/FullProfessor9/Publication11,1
memberOf,,memberOf.s=http://www.Department4.University78.edu/UndergraduateStudent75,1
type,,type.o=http://swat.cse.lehigh.edu/onto/univ-bench.owl#UndergraduateStudent,795970
memberOf,,memberOf.o=http://www.Department2.University12.edu,435
takesCourse,,takesCourse.o=http://www.Department13.University23.edu/Course8,29
type,,type.s=http://www.Department22.University47.edu/GraduateCourse25,3
type,,type.s=http://www.Department20.University26.edu/AssociateProfessor10/Publication13,1
undergraduateDegreeFrom,,undergraduateDegreeFrom.o=http://www.University409.edu,276
type,,type.o=http://swat.cse.lehigh.edu/onto/univ-bench.owl#TeachingAssistant,55994
name,,name.s=http://www.Department16.University72.edu/FullProfessor3/Publication17,1
takesCourse,,takesCourse.s=http://www.Department6.University9.edu/UndergraduateStudent21,4
memberOf,,memberOf.o=http://www.Department1.University56.edu,597
name,,name.o=GraduateStudent23,2007
telephone,,telephone.s=http://www.Department6.University66.edu/UndergraduateStudent226,1
type,,type.s=http://www.Department10.University80.edu/UndergraduateStudent57,2
telephone,,telephone.o=xxx-xxx-xxxx,1120834
type,,type.s=http://www.Department6.University37.edu/UndergraduateStudent225,2
memberOf,,memberOf.o=http://www.Department14.University38.edu,652
memberOf,,memberOf.s=http://www.Department19.University61.edu/UndergraduateStudent100,1
memberOf,,memberOf.s=http://www.Department7.University15.edu/UndergraduateStudent76,1
takesCourse,,takesCourse.o=http://www.Department13.University95.edu/Course14,33
publicationAuthor,,publicationAuthor.s=http://www.Department4.University34.edu/FullProfessor4/Publication5,3
takesCourse,,takesCourse.o=http://www.Department21.University35.edu/Course45,15
memberOf,,memberOf.o=http://www.Department8.University22.edu,526
type,,type.o=http://swat.cse.lehigh.edu/onto/univ-bench.owl#Publication,808741
takesCourse,,takesCourse.o=http://www.Department15.University59.edu/GraduateCourse14,8
publicationAuthor,,publicationAuthor.o=http://www.Department0.University45.edu/GraduateStudent17,2
takesCourse,,takesCourse.o=http://www.Department11.University93.edu/Course22,27
emailAddress,,emailAddress.o=UndergraduateStudent394@Department2.University27.edu,1
degreeFrom,,degreeFrom.o=http://www.University242.edu,478
name,,name.s=http://www.Department0.University78.edu/UndergraduateStudent76,1
type,,type.o=http://swat.cse.lehigh.edu/onto/univ-bench.owl#Person,252562
hasAlumnus,,hasAlumnus.o=http://www.Department1.University75.edu/GraduateStudent119,1
takesCourse,,takesCourse.o=http://www.Department9.University72.edu/Course34,20
emailAddress,,emailAddress.s=http://www.Department14.University33.edu/UndergraduateStudent274,1
name,,name.s=http://www.Department8.University59.edu/UndergraduateStudent125,1
memberOf,,memberOf.s=http://www.Department2.University55.edu/UndergraduateStudent152,1
memberOf,,memberOf.s=http://www.Department20.University80.edu/UndergraduateStudent158,1
member,,member.s=http://www.Department3.University65.edu,505
memberOf,,memberOf.o=http://www.Department7.University22.edu,436
name,,name.o=GraduateStudent88,2007
emailAddress,,emailAddress.o=UndergraduateStudent344@Department8.University89.edu,1
name,,name.o=Publication2,66353
name,,name.s=http://www.Department9.University84.edu/UndergraduateStudent472,1
takesCourse,,takesCourse.s=http://www.Department18.University96.edu/UndergraduateStudent300,2
type,,type.o=http://swat.cse.lehigh.edu/onto/univ-bench.owl#Work,217148
emailAddress,,emailAddress.s=http://www.Department8.University91.edu/UndergraduateStudent61,1
type,,type.o=http://swat.cse.lehigh.edu/onto/univ-bench.owl#Course,217148
telephone,,telephone.s=http://www.Department5.University35.edu/UndergraduateStudent310,1
takesCourse,,takesCourse.o=http://www.Department8.University22.edu/Course36,15
telephone,,telephone.o=xxx-xxx-xxxx,1120834
takesCourse,,takesCourse.o=http://www.Department4.University95.edu/Course34,29
takesCourse,,takesCourse.s=http://www.Department6.University2.edu/UndergraduateStudent316,4
type,,type.s=http://www.Department0.University57.edu/GraduateStudent133,5
member,,member.s=http://www.Department4.University40.edu,485
type,,type.s=http://www.Department21.University42.edu/GraduateStudent92,5
member,,member.o=http://www.Department16.University48.edu/GraduateStudent53,1
advisor,,advisor.s=http://www.Department10.University57.edu/GraduateStudent37,1
memberOf,,memberOf.o=http://www.Department6.University3.edu,510
memberOf,,memberOf.o=http://www.Department12.University53.edu,458
takesCourse,,takesCourse.s=http://www.Department3.University66.edu/UndergraduateStudent215,4
advisor,,advisor.o=http://www.Department4.University38.edu/FullProfessor2,8
member,,member.s=http://www.Department13.University42.edu,555
type,,type.s=http://www.Department15.University22.edu/UndergraduateStudent465,2
publicationAuthor,,publicationAuthor.o=http://www.Department5.University87.edu/AssistantProfessor7,9
takesCourse,,takesCourse.o=http://www.Department2.University99.edu/Course33,32
hasAlumnus,,hasAlumnus.s=http://www.University299.edu,500
takesCourse,,takesCourse.s=http://www.Department3.University14.edu/UndergraduateStudent101,4
degreeFrom,,degreeFrom.o=http://www.University319.edu,478
name,,name.o=UndergraduateStudent356,1351
member,,member.o=http://www.Department12.University25.edu/UndergraduateStudent230,1
emailAddress,,emailAddress.s=http://www.Department2.University54.edu/UndergraduateStudent136,1
type,,type.s=http://www.Department9.University98.edu/UndergraduateStudent123,2
type,,type.s=http://www.Department1.University78.edu/UndergraduateStudent311,2
emailAddress,,emailAddress.s=http://www.Department7.University33.edu/FullProfessor0,1
degreeFrom,,degreeFrom.o=http://www.University727.edu,410
name,,name.s=http://www.Department7.University1.edu/UndergraduateStudent114,1
publicationAuthor,,publicationAuthor.o=http://www.Department2.University59.edu/AssociateProfessor0,18
type,,type.o=http://swat.cse.lehigh.edu/onto/univ-bench.owl#Work,217148
memberOf,,memberOf.s=http://www.Department2.University48.edu/UndergraduateStudent405,1
telephone,,telephone.o=xxx-xxx-xxxx,1120834
type,,type.o=http://swat.cse.lehigh.edu/onto/univ-bench.owl#Person,252562
name,,name.s=http://www.Department11.University8.edu/AssociateProfessor1/Publication4,1
telephone,,telephone.s=http://www.Department18.University16.edu/UndergraduateStudent184,1
type,,type.s=http://www.Department2.University50.edu/UndergraduateStudent115,2
publicationAuthor,,publicationAuthor.s=http://www.Department15.University69.edu/AssistantProfessor5/Publication0,4
publicationAuthor,,publicationAuthor.s=http://www.Department19.University23.edu/AssistantProfessor6/Publication1,5
type,,type.s=http://www.Department1.University90.edu/GraduateStudent109,5
member,,member.s=http://www.Department11.University9.edu,569
takesCourse,,takesCourse.o=http://www.Department8.University60.edu/Course45,21
type,,type.s=http://www.Department7.University21.edu/GraduateCourse36,3
type,,type.o=http://swat.cse.lehigh.edu/onto/univ-bench.owl#Student,795970
type,,type.s=http://www.Department0.University20.edu/UndergraduateStudent259,2
publicationAuthor,,publicationAuthor.o=http://www.Department11.University99.edu/GraduateStudent88,4
undergraduateDegreeFrom,,undergraduateDegreeFrom.o=http://www.University900.edu,323
publicationAuthor,,publicationAuthor.o=http://www.Department1.University57.edu/GraduateStudent19,3
takesCourse,,takesCourse.s=http://www.Department5.University52.edu/UndergraduateStudent73,4
advisor,,advisor.o=http://www.Department13.University14.edu/AssistantProfessor8,6
memberOf,,memberOf.o=http://www.Department2.University43.edu,516
takesCourse,,takesCourse.s=http://www.Department12.University75.edu/UndergraduateStudent200,3
memberOf,,memberOf.s=http://www.Department17.University15.edu/GraduateStudent119,1
name,,name.o=Publication4,62350
name,,name.o=FullProfessor8,1040
name,,name.s=http://www.Department11.University20.edu/AssociateProfessor9/Publication9,1
degreeFrom,,degreeFrom.o=http://www.University376.edu,470
degreeFrom,,degreeFrom.s=http://www.Department1.University75.edu/AssociateProfessor6,3
type,,type.o=http://swat.cse.lehigh.edu/onto/univ-bench.owl#GraduateCourse,108514
takesCourse,,takesCourse.o=http://www.Department20.University53.edu/Course30,14
memberOf,,memberOf.s=http://www.Department3.University81.edu/UndergraduateStudent39,1
name,,name.o=UndergraduateStudent376,1171
name,,name.s=http://www.Department15.University52.edu/UndergraduateStudent24,1
telephone,,telephone.o=xxx-xxx-xxxx,1120834
telephone,,telephone.s=http://www.Department6.University18.edu/GraduateStudent93,1
telephone,,telephone.s=http://www.Department23.University36.edu/UndergraduateStudent274,1
takesCourse,,takesCourse.s=http://www.Department16.University64.edu/UndergraduateStudent0,3
telephone,,telephone.o=xxx-xxx-xxxx,1120834
teachingAssistantOf,,teachingAssistantOf.s=http://www.Department16.University84.edu/GraduateStudent32,1
degreeFrom,,degreeFrom.s=http://www.Department3.University42.edu/GraduateStudent19,1
name,,name.o=UndergraduateStudent420,792
takesCourse,,takesCourse.o=http://www.Department11.University13.edu/Course8,14
mastersDegreeFrom,,mastersDegreeFrom.s=http://www.Department9.University10.edu/AssociateProfessor9,1
memberOf,,memberOf.s=http://www.Department15.University42.edu/UndergraduateStudent298,1
advisor,,advisor.o=http://www.Department7.University99.edu/FullProfessor1,10
publicationAuthor,,publicationAuthor.o=http://www.Department6.University9.edu/Lecturer0,5
name,,name.o=UndergraduateStudent68,2007
memberOf,,memberOf.o=http://www.Department19.University12.edu,477
emailAddress,,emailAddress.o=GraduateStudent28@Department0.University98.edu,1
undergraduateDegreeFrom,,undergraduateDegreeFrom.s=http://www.Department5.University24.edu/AssociateProfessor9,1
hasAlumnus,,hasAlumnus.o=http://www.Department9.University33.edu/Lecturer3,3
type,,type.s=http://www.Department5.University49.edu/AssistantProfessor5/Publication1,1
emailAddress,,emailAddress.o=UndergraduateStudent360@Department14.University48.edu,1
member,,member.o=http://www.Department1.University89.edu/UndergraduateStudent126,1
type,,type.o=http://swat.cse.lehigh.edu/onto/univ-bench.owl#UndergraduateStudent,795970
publicationAuthor,,publicationAuthor.o=http://www.Department6.University54.edu/Lecturer2,2
emailAddress,,emailAddress.o=UndergraduateStudent120@Department0.University82.edu,1
type,,type.s=http://www.Department19.University23.edu/GraduateStudent56,5
emailAddress,,emailAddress.s=http://www.Department10.University34.edu/UndergraduateStudent166,1
teacherOf,,teacherOf.s=http://www.Department24.University74.edu/AssistantProfessor8,4
publicationAuthor,,publicationAuthor.s=http://www.Department11.University48.edu/AssociateProfessor8/Publication17,2
type,,type.o=http://swat.cse.lehigh.edu/onto/univ-bench.owl#Student,795970
undergraduateDegreeFrom,,undergraduateDegreeFrom.o=http://www.University164.edu,401
type,,type.o=http://swat.cse.lehigh.edu/onto/univ-bench.owl#Publication,808741
hasAlumnus,,hasAlumnus.o=http://www.Department16.University55.edu/GraduateStudent109,1
publicationAuthor,,publicationAuthor.o=http://www.Department5.University78.edu/GraduateStudent56,5
publicationAuthor,,publicationAuthor.s=http://www.Department8.University7.edu/FullProfessor9/Publication0,1
takesCourse,,takesCourse.o=http://www.Department14.University32.edu/Course3,28
member,,member.o=http://www.Department21.University56.edu/FullProfessor5,1
degreeFrom,,degreeFrom.o=http://www.University424.edu,466
emailAddress,,emailAddress.o=GraduateStudent94@Department5.University55.edu,1
member,,member.s=http://www.Department5.University51.edu,650
telephone,,telephone.s=http://www.Department4.University30.edu/GraduateStudent0,1
takesCourse,,takesCourse.o=http://www.Department0.University25.edu/Course51,24
emailAddress,,emailAddress.s=http://www.Department13.University55.edu/UndergraduateStudent27,1
type,,type.s=http://www.Department2.University89.edu/GraduateStudent7,5
name,,name.o=GraduateCourse36,2007
type,,type.o=http://swat.cse.lehigh.edu/onto/univ-bench.owl#Publication,808741
type,,type.s=http://www.Department20.University24.edu/UndergraduateStudent135,2
type,,type.o=http://swat.cse.lehigh.edu/onto/univ-bench.owl#TeachingAssistant,55994
takesCourse,,takesCourse.o=http://www.Department18.University75.edu/Course50,29
emailAddress,,emailAddress.s=http://www.Department12.University37.edu/UndergraduateStudent284,1
emailAddress,,emailAddress.o=UndergraduateStudent158@Department15.University57.edu,1
member,,member.s=http://www.Department2.University85.edu,654
degreeFrom,,degreeFrom.o=http://www.University539.edu,492
type,,type.s=http://www.Department2.University63.edu/GraduateStudent136,5
advisor,,advisor.s=http://www.Department14.University25.edu/UndergraduateStudent84,1
type,,type.o=http://swat.cse.lehigh.edu/onto/univ-bench.owl#TeachingAssistant,55994
type,,type.s=http://www.Department18.University78.edu/UndergraduateStudent157,2
publicationAuthor,,publicationAuthor.o=http://www.Department20.University62.edu/AssistantProfessor9,8
member,,member.s=http://www.Department19.University65.edu,595
memberOf,,memberOf.o=http://www.Department17.University45.edu,580
degreeFrom,,degreeFrom.o=http://www.University450.edu,448
takesCourse,,takesCourse.s=http://www.Department3.University87.edu/GraduateStudent68,3
telephone,,telephone.o=xxx-xxx-xxxx,1120834
type,,type.o=http://swat.cse.lehigh.edu/onto/univ-bench.owl#UndergraduateStudent,795970
telephone,,telephone.s=http://www.Department0.University26.edu/UndergraduateStudent389,1
type,,type.s=http://www.Department4.University19.edu/AssistantProfessor5/Publication2,1
emailAddress,,emailAddress.s=http://www.Department15.University55.edu/UndergraduateStudent395,1
member,,member.o=http://www.Department6.University49.edu/UndergraduateStudent396,1
name,,name.s=http://www.Department2.University8.edu/GraduateStudent100,1
degreeFrom,,degreeFrom.o=http://www.University238.edu,464
degreeFrom,,degreeFrom.s=http://www.Department18.University60.edu/GraduateStudent119,1
doctoralDegreeFrom,,doctoralDegreeFrom.s=http://www.Department20.University66.edu/AssociateProfessor3,1
memberOf,,memberOf.o=http://www.Department13.University89.edu,647
type,,type.s=http://www.Department17.University24.edu/GraduateStudent25,3
publicationAuthor,,publicationAuthor.o=http://www.Department11.University73.edu/AssociateProfessor4,12
takesCourse,,takesCourse.o=http://www.Department22.University55.edu/Course32,24
undergraduateDegreeFrom,,undergraduateDegreeFrom.s=http://www.Department18.University91.edu/GraduateStudent111,1
memberOf,,memberOf.s=http://www.Department13.University90.edu/UndergraduateStudent159,1
type,,type.s=http://www.Department16.University96.edu/GraduateCourse46,3
name,,name.s=http://www.Department11.University18.edu/AssociateProfessor5/Publication1,1
type,,type.o=http://swat.cse.lehigh.edu/onto/univ-bench.owl#Publication,808741
telephone,,telephone.o=xxx-xxx-xxxx,1120834
takesCourse,,takesCourse.o=http://www.Department9.University21.edu/Course26,31
takesCourse,,takesCourse.s=http://www.Department11.University4.edu/UndergraduateStudent98,4
takesCourse,,takesCourse.o=http://www.Department16.University71.edu/Course32,22
emailAddress,,emailAddress.o=UndergraduateStudent42@Department18.University78.edu,1
member,,member.o=http://www.Department7.University16.edu/UndergraduateStudent388,1
emailAddress,,emailAddress.s=http://www.Department15.University77.edu/UndergraduateStudent386,1
member,,member.o=http://www.Department14.University22.edu/UndergraduateStudent60,1
telephone,,telephone.o=xxx-xxx-xxxx,1120834
telephone,,telephone.o=xxx-xxx-xxxx,1120834
memberOf,,memberOf.o=http://www.Department11.University94.edu,605
degreeFrom,,degreeFrom.s=http://www.Department23.University26.edu/AssociateProfessor8,3
mastersDegreeFrom,,mastersDegreeFrom.o=http://www.University409.edu,72
member,,member.o=http://www.Department10.University33.edu/UndergraduateStudent480,1
type,,type.o=http://swat.cse.lehigh.edu/onto/univ-bench.owl#Publication,808741
takesCourse,,takesCourse.o=http://www.Department11.University18.edu/GraduateCourse42,5
publicationAuthor,,publicationAuthor.s=http://www.Department3.University65.edu/AssociateProfessor0/Publication11,3
telephone,,telephone.s=http://www.Department22.University94.edu/UndergraduateStudent361,1
hasAlumnus,,hasAlumnus.s=http://www.University10.edu,465
type,,type.s=http://www.Department20.University62.edu/FullProfessor8/Publication9,1
type,,type.s=http://www.Department2.University20.edu/GraduateStudent14,4
telephone,,telephone.o=xxx-xxx-xxxx,1120834
type,,type.s=http://www.Department0.University99.edu/AssociateProfessor0,4
publicationAuthor,,publicationAuthor.o=http://www.Department17.University47.edu/GraduateStudent76,3
type,,type.o=http://swat.cse.lehigh.edu/onto/univ-bench.owl#GraduateStudent,252562
teacherOf,,teacherOf.s=http://www.Department15.University32.edu/AssociateProfessor1,4
telephone,,telephone.o=xxx-xxx-xxxx,1120834
name,,name.o=Publication5,57124
member,,member.o=http://www.Department0.University10.edu/UndergraduateStudent70,1
takesCourse,,takesCourse.s=http://www.Department2.University96.edu/UndergraduateStudent331,3
takesCourse,,takesCourse.o=http://www.Department7.University89.edu/Course17,22
name,,name.o=GraduateStudent91,2007
type,,type.s=http://www.Department11.University99.edu/FullProfessor7/Publication15,1
type,,type.o=http://swat.cse.lehigh.edu/onto/univ-bench.owl#Course,217148
member,,member.s=http://www.Department5.University18.edu,536
type,,type.o=http://swat.cse.lehigh.edu/onto/univ-bench.owl#Student,795970
memberOf,,memberOf.o=http://www.Department21.University29.edu,495
name,,name.s=http://www.Department15.University73.edu/UndergraduateStudent446,1
telephone,,telephone.o=xxx-xxx-xxxx,1120834
emailAddress,,emailAddress.s=http://www.Department11.University24.edu/UndergraduateStudent334,1
takesCourse,,takesCourse.o=http://www.Department16.University85.edu/Course53,30
publicationAuthor,,publicationAuthor.s=http://www.Department1.University63.edu/FullProfessor5/Publication15,1
emailAddress,,emailAddress.o=GraduateStudent96@Department6.University71.edu,1
type,,type.s=http://www.Department11.University1.edu/AssociateProfessor8/Publication10,1
hasAlumnus,,hasAlumnus.o=http://www.Department19.University33.edu/GraduateStudent3,1
undergraduateDegreeFrom,,undergraduateDegreeFrom.o=http://www.University157.edu,305
type,,type.o=http://swat.cse.lehigh.edu/onto/univ-bench.owl#Student,795970
publicationAuthor,,publicationAuthor.o=http://www.Department6.University57.edu/AssociateProfessor11,14
takesCourse,,takesCourse.o=http://www.Department22.University19.edu/Course29,26
degreeFrom,,degreeFrom.s=http://www.Department1.University62.edu/GraduateStudent66,1
takesCourse,,takesCourse.o=http://www.Department16.University62.edu/Course32,20
worksFor,,worksFor.s=http://www.Department15.University69.edu/AssistantProfessor2,1
name,,name.o=GraduateStudent74,2007
type,,type.o=http://swat.cse.lehigh.edu/onto/univ-bench.owl#GraduateStudent,252562
memberOf,,memberOf.s=http://www.Department4.University28.edu/UndergraduateStudent340,1
undergraduateDegreeFrom,,undergraduateDegreeFrom.o=http://www.University479.edu,339
type,,type.s=http://www.Department3.University50.edu/AssistantProfessor2/Publication8,1
type,,type.s=http://www.Department3.University46.edu/AssociateProfessor7/Publication2,1
hasAlumnus,,hasAlumnus.o=http://www.Department12.University93.edu/AssociateProfessor3,3
name,,name.o=Publication10,38372
advisor,,advisor.s=http://www.Department9.University4.edu/UndergraduateStudent80,1
emailAddress,,emailAddress.s=http://www.Department20.University71.edu/UndergraduateStudent101,1
advisor,,advisor.s=http://www.Department6.University9.edu/UndergraduateStudent233,1
hasAlumnus,,hasAlumnus.o=http://www.Department20.University53.edu/FullProfessor5,3
name,,name.s=http://www.Department15.University28.edu/GraduateStudent2,1
member,,member.s=http://www.Department15.University29.edu,525
teacherOf,,teacherOf.s=http://www.Department0.University66.edu/Lecturer3,3
emailAddress,,emailAddress.o=GraduateStudent28@Department7.University24.edu,1
type,,type.s=http://www.Department3.University67.edu/AssociateProfessor6/Publication1,1
member,,member.o=http://www.Department6.University10.edu/UndergraduateStudent2,1
name,,name.o=Publication8,47518
type,,type.s=http://www.Department3.University49.edu/AssistantProfessor5,4
telephone,,telephone.s=http://www.Department2.University68.edu/UndergraduateStudent252,1
publicationAuthor,,publicationAuthor.o=http://www.Department7.University10.edu/FullProfessor5,20
memberOf,,memberOf.o=http://www.Department11.University15.edu,611
telephone,,telephone.o=xxx-xxx-xxxx,1120834
degreeFrom,,degreeFrom.s=http://www.Department23.University61.edu/GraduateStudent56,1
name,,name.s=http://www.Department16.University17.edu/AssociateProfessor2/Publication10,1
name,,name.o=Course39,2006
hasAlumnus,,hasAlumnus.s=http://www.University480.edu,483
name,,name.o=UndergraduateStudent239,2007
teacherOf,,teacherOf.s=http://www.Department1.University72.edu/FullProfessor4,4
researchInterest,,researchInterest.s=http://www.Department5.University29.edu/FullProfessor6,1
teacherOf,,teacherOf.o=http://www.Department20.University3.edu/GraduateCourse3,1
degreeFrom,,degreeFrom.s=http://www.Department4.University1.edu/GraduateStudent93,1
name,,name.s=http://www.Department11.University77.edu/AssistantProfessor1/Publication3,1
name,,name.s=http://www.Department14.University72.edu/AssistantProfessor10/Publication7,1
name,,name.s=http://www.Department7.University0.edu/GraduateStudent9,1
telephone,,telephone.s=http://www.Department18.University74.edu/UndergraduateStudent321,1
takesCourse,,takesCourse.s=http://www.Department22.University31.edu/UndergraduateStudent17,4
type,,type.s=http://www.Department9.University5.edu/Course58,2
publicationAuthor,,publicationAuthor.o=http://www.Department1.University98.edu/Lecturer4,5
member,,member.o=http://www.Department7.University69.edu/UndergraduateStudent219,1
emailAddress,,emailAddress.s=http://www.Department2.University81.edu/UndergraduateStudent166,1
undergraduateDegreeFrom,,undergraduateDegreeFrom.s=http://www.Department16.University27.edu/GraduateStudent77,1
takesCourse,,takesCourse.s=http://www.Department12.University98.edu/UndergraduateStudent123,2
publicationAuthor,,publicationAuthor.s=http://www.Department14.University47.edu/FullProfessor0/Publication9,1
hasAlumnus,,hasAlumnus.o=http://www.Department18.University62.edu/GraduateStudent6,1
memberOf,,memberOf.s=http://www.Department18.University6.edu/GraduateStudent101,1
type,,type.s=http://www.Department17.University84.edu/GraduateStudent99,3
takesCourse,,takesCourse.s=http://www.Department3.University87.edu/UndergraduateStudent344,3
type,,type.s=http://www.Department5.University61.edu/FullProfessor3,4
name,,name.o=UndergraduateStudent119,2007
takesCourse,,takesCourse.o=http://www.Department12.University27.edu/Course15,20
researchInterest,,researchInterest.o=Research0,2005
hasAlumnus,,hasAlumnus.s=http://www.University74.edu,501
member,,member.o=http://www.Department16.University19.edu/GraduateStudent1,1
teacherOf,,teacherOf.s=http://www.Department0.University95.edu/AssociateProfessor0,4
